Date,Region,Sales_Amount,Transactions,Discounted_Amount,bing_impressions,criteo_impressions,Direct_sessions,organic_sessions,Email_Sessions_Total,Email_Sessions_Automated,Email_Sessions_Newsletter,Google_Brand_Imp,Google_Display_Imp,Google_RMKT_Imp,Google_Search_Imp,Google_Shopping_Imp,Google_YouTube_Imp,other_sessions,pinterest_impressions,reddit_impressions,sms_sessions,snapchat_impressions,taboola_impressions,tiktok_impressions,twitter_impressions,yahoo_impressions,Covid_Retail_and_recreation,H_Christmas_Total,H_Valentines_Total,H_MothersDay_Total,FB_Imp_Female,FB_Imp_Unknown,FB_Imp_Male_OnSeason,FB_Imp_Male_OffSeason,FB_Male_valentine
2021-08-01,USA,34630,249,833.65,16428,13867,1370,528,2145,735,1410,1908,55206,19675,14413,384078,0,119,0,0,0,0,0,35534,0,0,-3.29,0,0,0,685430,567,0,28931,0
2021-08-02,USA,41074,310,1191.1,17137,18555,1505,576,1944,1043,901,2735,83276,43689,23677,438812,0,128,0,0,0,0,0,17574,0,0,-3,0,0,0,821753,350,0,39279,0
2021-08-03,USA,40727,306,1081.53,18060,20118,1478,585,2426,1292,1134,2577,47456,41557,28326,436952,0,127,0,0,0,0,0,0,0,0,-2.71,0,0,0,758379,83,0,46236,0
2021-08-04,USA,38449,297,993.55,19390,15297,1469,634,1925,1292,633,2242,82042,21037,20268,450279,0,142,0,0,0,0,0,0,0,0,-2.57,0,0,0,735035,733,0,48961,0
2021-08-05,USA,39781,296,904.92,23994,9603,1405,599,1558,1254,304,1967,46886,29037,20277,487104,0,131,0,0,0,0,0,0,0,0,-2.43,0,0,0,740405,712,0,49863,0
2021-08-06,USA,40665,300,1137.75,23552,8823,1471,570,2294,1446,848,2299,51728,28422,20593,521773,0,117,0,0,0,0,0,0,0,0,-2.71,0,0,0,769488,634,0,42326,0
2021-08-07,USA,37773,290,1096.59,23248,7365,1448,504,1451,1026,425,2429,16561,17748,17203,545459,0,66,0,0,0,0,0,0,0,0,-3,0,0,0,803243,678,0,48237,0
2021-08-08,USA,45725,338,1023.43,21095,8611,1603,612,1583,889,694,2277,70824,21828,18725,664025,0,121,0,0,0,0,0,0,0,0,-3.14,0,0,0,842724,692,0,52332,0
2021-08-09,USA,43550,329,1505.71,23739,13956,1697,669,2071,1233,838,2179,68759,30413,15517,607666,0,146,0,0,0,0,0,0,0,0,-3.43,0,0,0,964572,404,0,62453,0
2021-08-10,USA,39044,289,1218.5,16386,16367,1652,688,1614,1363,251,2094,87861,45757,17165,571042,0,133,0,0,0,0,0,0,0,0,-3.71,0,0,0,792318,101,0,54571,0
2021-08-11,USA,39910,275,1415.36,35025,12251,1476,623,1702,1460,242,2451,17136,35506,15641,593943,0,146,0,0,0,0,0,0,0,0,-4,0,0,0,714518,108,0,53108,0
2021-08-12,USA,41022,285,1680.42,36630,11256,1725,623,2376,1536,840,2526,7817,25896,12305,571997,0,143,0,0,0,0,0,0,0,0,-4.29,0,0,0,796041,108,0,52495,0
2021-08-13,USA,50527,319,1715.96,46118,10012,1575,611,1957,1464,493,2431,7226,25114,13417,655583,0,126,0,0,0,0,0,0,0,0,-4.29,0,0,0,788536,93,0,48898,0
2021-08-14,USA,37380,267,1238.24,40832,8767,1624,550,1837,1078,759,2257,9002,18693,14093,704086,0,104,0,0,1,0,0,0,0,0,-4.14,0,0,0,784573,68,0,44329,0
2021-08-15,USA,42539,296,1588.19,6505,7362,2322,571,1685,978,707,2616,15165,13222,12634,632293,0,148,0,0,0,0,0,0,0,0,-4,0,0,0,839889,92,0,46375,0
2021-08-16,USA,48282,323,1410.36,6905,13026,2132,647,1894,1328,566,2640,37596,16717,14034,592808,0,139,0,0,0,0,0,0,0,0,-4,0,0,0,931219,75,0,55334,0
2021-08-17,USA,47474,318,1564.39,5783,13458,2071,607,2777,1450,1327,3267,78353,20582,15424,574977,0,144,0,0,0,0,0,0,0,0,-4,0,0,0,947006,865,0,68286,0
2021-08-18,USA,46664,315,1221.83,6800,7756,2000,631,2205,1451,754,2835,52017,21849,16192,546400,0,145,0,0,0,0,0,0,0,0,-4,0,0,0,1015228,923,0,66150,0
2021-08-19,USA,43171,298,1891.509997,5842,4521,1915,610,1897,1464,433,2672,80411,21984,16549,539431,0,160,0,0,0,0,0,0,0,0,-4,0,0,0,1014470,922,0,72665,0
2021-08-20,USA,49169,336,1562.8,4964,5064,1772,646,2091,1488,603,2848,60255,21048,16114,571340,0,113,0,0,0,0,0,0,0,0,-4.14,0,0,0,1014555,1008,0,74268,0
2021-08-21,USA,46710,318,1731.62,4949,4735,1807,526,1663,1148,515,2810,59979,14410,16623,586586,0,110,0,0,0,0,0,0,0,0,-4.29,0,0,0,965435,885,0,67816,0
2021-08-22,USA,46119,311,1642.54,4926,6710,1920,648,1173,899,274,3616,37042,12952,21643,609542,0,143,0,0,0,0,0,0,0,0,-5,0,0,0,1098683,1084,0,72534,0
2021-08-23,USA,48374,334,1394.91,5188,14902,1999,781,2375,1352,1023,3672,28571,15557,22928,577375,0,164,0,0,0,0,0,0,0,0,-5.29,0,0,0,1125587,722,0,76624,0
2021-08-24,USA,46372,319,1466.01,4515,14590,2188,693,2214,1553,661,2877,40254,16894,22958,523995,0,202,0,0,0,0,0,0,0,0,-5.71,0,0,0,1098225,113,0,68252,0
2021-08-25,USA,47334,318,1889.310003,5184,11044,2253,662,1851,1586,265,3437,37641,12173,19187,489634,0,183,0,0,0,0,0,0,0,0,-6,0,0,0,1003139,2111,0,65918,0
2021-08-26,USA,52114,350,3149.89,5614,6868,1974,700,2620,1699,921,2879,32944,10896,17229,490468,0,189,0,0,0,0,0,60915,0,0,-6.14,0,0,0,977575,2786,0,62301,0
2021-08-27,USA,47646,317,2456.09,4850,5876,1900,570,2144,1551,593,2963,52042,9884,13939,524518,0,162,0,0,0,0,0,57025,0,0,-6.29,0,0,0,936677,3309,0,61035,0
2021-08-28,USA,48690,327,2095.75,4617,5058,1922,583,1924,1279,645,3126,98448,8687,15697,554408,0,146,0,0,0,0,0,64997,0,0,-6.43,0,0,0,994893,2892,0,60938,0
2021-08-29,USA,49663,343,2221.29,5001,8035,2061,684,2018,1137,881,3857,76600,7630,17873,606107,0,169,0,0,0,0,0,68431,0,0,-6.29,0,0,0,1090959,3414,0,63202,0
2021-08-30,USA,45503,322,1273.51,4517,16338,2080,773,2685,1512,1173,4349,39686,12431,18541,564778,0,175,0,0,0,0,0,62878,0,0,-6.57,0,0,0,1150704,3706,0,65827,0
2021-08-31,USA,40228,273,1658.27,4630,17978,1933,648,2255,1684,571,3475,23414,9236,17879,549935,0,166,0,0,0,0,0,0,0,0,-6.57,0,0,0,1051355,1263,0,62732,0
2021-09-01,USA,52200,351,2367.25,5743,17242,1977,726,2359,1660,699,3925,16603,9684,18631,551916,0,198,0,0,0,0,0,0,0,0,-6.57,0,0,0,1072761,2639,0,64802,0
2021-09-02,USA,48787,337,3641.53,6645,11621,1874,686,2134,1632,502,3128,20405,9615,17990,549571,0,142,0,0,0,0,0,0,0,0,-6.29,0,0,0,1089111,2882,0,50476,0
2021-09-03,USA,54298,388,5868.12,6910,8207,1732,645,1725,1504,221,4159,16100,7505,17997,689269,0,91,0,0,0,0,0,0,0,0,-5.71,0,0,0,937067,2679,0,46362,0
2021-09-04,USA,54441,383,6391.25,6575,9116,1687,621,1961,1322,639,3433,16537,6730,17728,706503,0,82,0,0,0,0,0,0,0,0,-5.57,0,0,0,991764,2897,0,45795,0
2021-09-05,USA,54519,405,7147.42,4844,13893,2882,645,1957,1056,901,3486,14980,5406,20650,627087,0,108,0,0,0,0,0,0,0,0,-5,0,0,0,1121882,3521,0,50204,0
2021-09-06,USA,58667,435,7191.95,4932,19422,3752,770,2134,1206,928,3507,34659,7170,29587,596949,0,107,0,0,0,0,0,0,0,0,-4.86,0,0,0,1254369,1422,0,52189,0
2021-09-07,USA,60354,411,6077.07,5437,26039,2155,750,2215,1668,547,4598,43760,9564,27706,606738,0,118,0,0,0,0,0,0,0,0,-5,0,0,0,1205986,410,0,55935,0
2021-09-08,USA,44371,301,1644.07,7076,24212,1921,656,2570,1775,795,4442,25998,6703,17311,444828,0,110,0,0,0,0,0,0,0,0,-5.14,0,0,0,1192737,370,0,54110,0
2021-09-09,USA,46556,324,1546.38,5569,20261,1941,745,2215,1537,678,3607,31998,7720,18678,568355,0,157,0,0,0,0,0,0,0,0,-5.71,0,0,0,1076734,287,0,44344,0
2021-09-10,USA,44717,292,1712.07,6039,15052,1661,610,1776,1554,222,3417,46285,5874,14066,527390,0,108,0,0,0,0,0,0,0,0,-6.29,0,0,0,854250,281,0,41807,0
2021-09-11,USA,36609,260,1114.74,3633,10637,1681,511,1868,1300,568,3393,59416,5593,13501,576917,0,111,0,0,0,0,0,0,0,0,-6.29,0,0,0,940450,290,0,43752,0
2021-09-12,USA,37572,268,1622.24,4360,9771,1812,631,1802,1101,701,3877,46008,5532,12508,522251,0,125,0,0,0,0,0,0,0,0,-6.86,0,0,0,1111398,283,0,46373,0
2021-09-13,USA,39266,272,1877.21,5692,14398,1846,723,1860,1591,269,3538,27393,5863,13075,468440,0,154,0,0,0,0,0,0,0,0,-7,0,0,0,1132556,327,0,49565,0
2021-09-14,USA,36363,249,1230,7983,17821,1528,654,2961,1894,1067,3881,14414,5648,13344,492722,0,155,0,0,0,0,0,0,0,0,-7,0,0,0,979400,255,0,44245,0
2021-09-15,USA,36883,260,1559.59,6932,14978,1413,655,2517,1802,715,3243,9087,5116,14086,550964,0,104,0,0,0,0,0,0,0,0,-6.57,0,0,0,896389,233,0,40087,0
2021-09-16,USA,39980,267,1534.33,5781,14185,1442,626,2745,1682,1063,3692,15260,5419,15052,565227,0,115,0,0,1,0,0,0,0,0,-6.29,0,0,0,845897,206,0,40917,0
2021-09-17,USA,45110,302,1833.710002,5308,14481,1425,642,2136,1564,572,3804,15296,5399,14045,579630,0,111,0,0,0,0,0,0,0,0,-6.14,0,0,0,824795,203,0,40882,0
2021-09-18,USA,37238,270,1363.57,6534,11330,1313,562,1369,1167,202,3118,35037,5662,13539,539000,0,116,0,0,0,0,0,0,0,0,-5.86,0,0,0,914856,243,0,40893,0
2021-09-19,USA,44436,291,1510.68,11602,11803,1411,632,1221,1038,183,3968,44334,6042,14996,599174,0,143,0,0,0,0,0,0,0,0,-5.71,0,0,0,1010602,287,0,45869,0
2021-09-20,USA,42060,282,1352.08,12988,16727,1589,653,2538,1605,933,4657,41901,8472,15425,591779,0,155,0,0,0,0,0,0,0,0,-5.71,0,0,0,1071740,323,0,49293,0
2021-09-21,USA,42922,300,1505.250003,8607,19496,1514,657,2508,1948,560,3954,31463,9797,14507,558184,0,141,0,0,0,0,0,0,0,0,-5.71,0,0,0,1065491,283,0,46295,0
2021-09-22,USA,44225,297,1645.99,10392,18354,1482,640,2131,1900,231,4051,28880,8064,15013,648639,0,169,0,0,0,0,0,0,0,0,-6.29,0,0,0,1051542,267,0,42661,0
2021-09-23,USA,43202,303,2943.58,14092,16821,1507,719,2078,1864,214,4224,37199,8703,15504,683797,0,165,0,0,0,0,0,0,0,0,-6.57,0,0,0,959871,234,0,42087,0
2021-09-24,USA,50823,348,4977.84,13220,12940,1422,613,2892,1975,917,3143,26139,9355,15649,606812,0,100,0,0,0,0,0,0,0,0,-6.57,0,0,0,918928,306,0,41875,0
2021-09-25,USA,43008,301,4381.05,8363,9221,1326,557,2136,1592,544,3582,35440,7564,17586,662010,0,82,0,0,0,0,0,0,0,0,-6.71,0,0,0,950232,271,0,40997,0
2021-09-26,USA,43686,293,4292.24,9369,10310,1455,585,1913,1266,647,3967,21981,5336,17511,604023,0,107,0,0,0,0,0,0,0,0,-6.71,0,0,0,1108652,338,0,44386,0
2021-09-27,USA,45302,310,3251.549997,12005,16102,1618,673,3572,1981,1591,4113,35507,10724,20586,600048,0,145,0,0,0,0,0,0,0,0,-6.71,0,0,0,1627176,337,0,52316,0
2021-09-28,USA,41072,303,1812.86,14167,19985,1599,682,2830,1958,872,4754,37946,10603,16493,564575,0,144,0,0,1,0,0,0,0,0,-6.86,0,0,0,1800936,2862,0,57703,0
2021-09-29,USA,39903,273,1625.629998,19334,17754,1474,700,2691,1910,781,4652,44794,12560,18322,550773,0,165,0,0,1,0,0,0,0,0,-6.71,0,0,0,914622,1725,0,41274,0
2021-09-30,USA,34119,217,1399.41,16370,17599,1268,537,1969,1566,403,6491,44830,16189,16635,561604,0,133,0,0,0,0,0,0,0,0,-6.43,0,0,0,855258,1524,0,39629,0
2021-10-01,USA,38495,253,1217.15,13361,23347,1313,610,1913,1644,269,5450,25942,16409,11229,580576,0,111,0,0,0,0,0,0,0,0,-6,0,0,0,978081,2832,0,49167,0
2021-10-02,USA,37047,249,1148.28,9071,25660,1456,548,1506,1323,183,6354,23249,17792,10608,563115,0,111,0,0,0,0,0,0,0,0,-5.71,0,0,0,1014159,3623,0,54077,0
2021-10-03,USA,34915,231,913,9971,43625,1497,627,1297,1138,159,7246,18138,16210,14441,648439,0,142,0,0,0,0,0,0,0,0,-5.57,0,0,0,946428,4284,0,51047,0
2021-10-04,USA,43024,278,1478.45,18946,102857,1675,701,2281,1608,673,5352,16775,16907,16277,673914,0,187,0,0,0,0,0,0,0,0,-5.43,0,0,0,741890,1869,0,43706,0
2021-10-05,USA,43748,282,1332.29,23136,103882,1489,730,2073,1663,410,5963,13508,17561,14218,636527,0,168,0,0,0,0,0,0,0,0,-5.14,0,0,0,891296,203,0,48323,0
2021-10-06,USA,50294,314,1682.26,18166,78246,1485,748,2660,1815,845,6011,40770,13679,12849,566101,0,205,0,0,0,0,0,0,0,0,-5.14,0,0,0,845180,192,0,36955,0
2021-10-07,USA,42670,275,1305.71,14023,48807,1528,676,2200,1559,641,6572,891845,11646,11343,567084,0,175,0,0,0,0,0,0,0,0,-5.29,0,0,0,729262,190,0,18588,0
2021-10-08,USA,45733,273,1160.26,10424,30702,1422,602,1688,1431,257,5971,356447,8760,12247,559311,0,129,0,0,0,0,0,0,0,0,-5.57,0,0,0,704873,199,0,40270,0
2021-10-09,USA,37356,230,834.03,9836,19932,1353,633,1622,1136,486,6647,391562,6013,13847,526132,0,125,0,0,0,0,0,0,0,0,-5.71,0,0,0,728681,86,0,32482,0
2021-10-10,USA,38820,247,1477.57,14943,21258,1424,600,1674,1039,635,7803,666314,5913,14272,546598,0,132,0,0,0,0,0,0,0,0,-5.86,0,0,0,709688,84,0,31301,0
2021-10-11,USA,41875,289,1785.62,18260,30014,1507,766,2146,1315,831,9251,981095,7798,14510,607474,0,181,0,0,0,0,0,0,0,0,-5.71,0,0,0,689760,122,0,52233,0
2021-10-12,USA,40899,262,1693.989995,17011,32815,1391,661,2041,1488,553,7571,860885,8360,15824,591306,0,166,0,0,0,0,0,7127,0,0,-5.86,0,0,0,625025,114,0,76139,0
2021-10-13,USA,39423,272,1963.82,13711,25143,1503,719,2611,1548,1063,9037,686766,6514,14961,537449,0,173,0,0,1,0,0,8463,0,0,-5.86,0,0,0,532361,119,0,62645,0
2021-10-14,USA,44248,285,1582.54,14726,20471,1461,719,1674,1410,264,7147,940422,7762,14522,541050,0,186,0,0,0,0,1420851,7118,0,0,-5.71,0,0,0,532483,113,0,74030,0
2021-10-15,USA,51640,359,6144.87999,14675,18291,1469,710,2159,1312,847,6964,1451734,8818,11925,532413,0,133,0,0,0,0,1205353,6310,0,0,-5.57,0,0,0,633587,96,0,106688,0
2021-10-16,USA,55169,396,7679.6,10569,13371,1367,647,1799,1150,649,7330,1543228,4953,13591,618012,0,103,0,0,0,0,1328681,6955,0,0,-5.43,0,0,0,603004,88,0,104220,0
2021-10-17,USA,49581,355,5542.1,9457,10954,1380,651,2618,985,1633,7830,1648706,5179,12636,606677,0,116,0,0,0,0,1267598,6991,0,0,-5.14,0,0,0,597141,75,0,118582,0
2021-10-18,USA,39334,264,1621.81,13169,12633,1482,735,1652,1289,363,7599,1265571,7486,12910,575463,0,155,0,0,0,0,746422,7106,0,0,-5.29,0,0,0,673799,85,0,124086,0
2021-10-19,USA,39517,261,1151.06,17196,13188,1453,669,1726,1463,263,6597,1440980,11701,14720,569470,0,158,0,0,0,0,803029,8076,0,0,-5.14,0,0,0,439634,224,0,87217,0
2021-10-20,USA,48709,289,1870.55,15184,13046,1267,705,2258,1527,731,7044,1117229,8692,13854,567465,0,149,0,0,0,0,742905,29304,0,0,-5,0,0,0,443534,544,0,77584,0
2021-10-21,USA,42717,285,1181.74,14292,14807,1366,696,1946,1381,565,7283,2127033,9790,13953,587571,0,143,0,0,1,0,748702,21223,0,0,-5,0,0,0,419813,407,0,81282,0
2021-10-22,USA,48234,315,2054.22,16077,14182,1388,697,3188,1466,1722,8662,1714557,8185,12494,589728,0,148,0,0,0,0,895692,19524,0,0,-5.14,0,0,0,546849,411,0,96151,0
2021-10-23,USA,41746,273,1628.94,18090,10471,1322,647,2131,1219,912,10433,1848237,6032,13270,584395,0,119,0,0,0,0,1086988,17809,0,0,-5.29,0,0,0,518378,333,0,88251,0
2021-10-24,USA,46833,298,1734.59,21967,10556,1426,690,1394,1023,371,8670,2412370,5292,16857,629416,0,140,0,0,0,0,1190435,41697,0,0,-5.71,0,0,0,594112,247,0,96112,0
2021-10-25,USA,58028,363,2388,28521,28364,1630,774,2481,1406,1075,10091,3091380,8530,24997,755871,0,225,0,0,1,0,1137826,25388,0,0,-6,0,0,0,589279,58,0,110671,0
2021-10-26,USA,51707,352,2062.76,24575,15434,1661,756,2330,1666,664,9286,1894459,8364,24835,733789,0,199,0,0,0,0,1184629,16698,0,0,-6.14,0,0,0,654633,940,0,138107,0
2021-10-27,USA,54086,341,4210.44,24093,5376,1663,736,1861,1575,286,8265,2369861,8656,21617,670666,0,173,0,0,0,0,1268546,30370,0,0,-6.14,0,0,0,639664,1222,0,156732,0
2021-10-28,USA,60936,423,6853.9,25453,3400,1706,727,2873,1588,1285,9719,3735709,7949,22993,667496,0,174,0,0,0,0,2054648,31008,0,0,-6.14,0,0,0,643082,1147,0,162278,0
2021-10-29,USA,61184,424,7440.54,23148,3169,1599,643,2483,1384,1099,12026,3903161,9372,18668,674168,0,105,0,0,0,0,1583135,27063,0,0,-6.29,0,0,0,643343,1175,0,173878,0
2021-10-30,USA,58879,391,6805.75,20940,3801,1496,620,2139,1248,891,10545,4061250,6993,18044,648463,0,91,0,0,0,0,1445912,21278,0,0,-6.29,0,0,0,643970,1304,0,145845,0
2021-10-31,USA,64417,446,7761.55,21714,9804,1598,742,2873,1071,1802,11131,3433036,7138,21561,690492,0,121,0,0,0,0,953389,37780,0,0,-6.14,0,0,0,783806,1525,0,178673,0
2021-11-01,USA,67963,461,5817.210002,31445,18704,1520,789,2367,1413,954,9367,3525568,14097,19885,697506,0,132,0,0,0,0,129610,20791,0,0,-5.86,0,0,0,730164,1247,0,175723,0
2021-11-02,USA,63092,387,2130.630004,33556,19903,1811,869,1858,1500,358,12011,4905926,15773,18767,733454,0,214,0,0,1,0,132595,82886,0,0,-5.71,0,0,0,632671,1069,0,171527,0
2021-11-03,USA,64435,396,2392.92,37566,20442,1934,941,2519,1596,923,14840,9308190,16171,19446,675635,0,204,0,0,0,0,216031,30152,0,0,-5.86,0,0,0,565262,842,0,149787,0
2021-11-04,USA,53881,373,1680.370002,41764,22740,1956,935,2431,1627,804,11515,7929047,15704,19651,637975,0,201,0,0,0,0,608692,23118,0,0,-6,0,0,0,534282,491,0,142697,0
2021-11-05,USA,61981,407,2053.99,35769,21262,1800,936,2933,1458,1475,8263,5956268,12973,19301,639270,0,179,0,0,0,0,707010,33338,0,0,-6,0,0,0,571525,137,0,155323,0
2021-11-06,USA,56265,365,1618.88,27906,17858,1769,862,2012,1187,825,8008,3538690,7921,18017,618771,0,162,0,0,0,0,627131,24515,0,0,-6.14,0,0,0,665028,136,0,179580,0
2021-11-07,USA,70917,463,2846.81,30549,20172,1951,938,1338,1005,333,7585,2586666,8306,21264,686778,0,189,0,0,1,0,503258,50420,0,0,-6,0,0,0,733548,132,0,155838,0
2021-11-08,USA,68797,446,2057.27,39665,28071,2040,998,2436,1443,993,7763,2555221,14635,22984,767384,0,193,0,0,3,0,465366,32552,0,0,-6.14,0,0,0,632020,103,168297,0,0
2021-11-09,USA,82153,556,4533.02,31964,25404,1961,1055,3721,1699,2022,7599,3208140,18508,23051,701872,0,210,0,0,20,0,1899273,64394,0,0,-6.29,0,0,0,563061,107,164828,0,0
2021-11-10,USA,87990,628,7013.78,30751,27468,2045,1091,3283,1609,1674,7726,4846129,19595,23619,664671,0,198,0,0,55,0,1461286,45316,0,0,-6.14,0,0,0,522069,150,175352,0,0
2021-11-11,USA,97897,670,10315.27,28753,23963,2186,1109,3103,1618,1485,13885,5691705,17477,23827,736836,0,235,0,0,50,0,1361132,31887,0,0,-5.57,0,0,0,526510,775,200241,0,0
2021-11-12,USA,114431,765,14608.95,35452,27695,2274,1188,2484,1509,975,21094,12353986,20798,21676,878231,0,158,0,0,94,0,1200947,28955,0,0,-5.71,0,0,0,613010,834,227532,0,0
2021-11-13,USA,113166,756,12776.7,43056,25480,2185,1066,2531,1250,1281,25341,15201782,18256,19444,1020146,0,127,0,0,64,0,915800,33960,0,0,-5.57,0,0,0,603969,800,213492,0,0
2021-11-14,USA,97155,635,7610.61,56171,23390,2344,1291,2686,1194,1492,20167,5882895,19888,24081,880881,0,159,0,0,55,0,800557,181159,0,0,-5.71,0,0,0,608223,732,204822,0,0
2021-11-15,USA,106604,715,5266.33997,65686,40693,2476,1476,2857,1614,1243,19053,7620963,37411,33326,1003648,0,218,0,0,63,0,1036633,166262,0,0,-5.57,0,0,0,615945,966,363892,0,0
2021-11-16,USA,109896,706,4205.51,61613,51145,2729,1457,2599,1776,823,20362,14019840,44786,38735,977703,0,263,0,0,56,0,1199326,200914,0,0,-5.43,0,0,0,557324,1011,438819,0,0
2021-11-17,USA,131821,860,5565.42002,59762,42944,2603,1460,3850,1914,1936,20053,15584720,38908,41404,921639,0,285,0,0,108,0,4928306,173027,0,0,-5.43,0,0,0,504695,550,373111,0,0
2021-11-18,USA,115819,749,3808.0101,62193,38923,2554,1309,2973,1897,1076,16742,5978864,57352,40888,932509,0,260,0,0,45,0,5437238,128663,0,0,-5.86,0,0,0,615065,278,361179,0,0
2021-11-19,USA,145137,913,6974.91,57847,34125,2736,1404,4138,1993,2145,26181,17442796,45503,29352,921393,0,240,0,0,53,0,7190894,141585,0,0,-5.71,0,0,0,686433,363,415700,0,0
2021-11-20,USA,148802,948,6600.53,34530,23312,2854,1289,3561,1699,1862,25503,20516635,27049,28250,900975,0,237,0,0,61,0,6055545,136816,0,0,-5.71,0,0,0,787006,280,496511,0,0
2021-11-21,USA,166732,1076,6753.48002,46798,26952,3127,1508,4431,1513,2918,33445,28271168,25426,36426,1039416,0,304,0,0,104,0,4726788,154633,0,0,-5.71,0,0,0,928752,298,588394,0,0
2021-11-22,USA,201982,1370,24170.52,461513,47511,3767,1911,4399,2200,2199,34042,32016299,63912,42578,1073506,0,829,0,0,183,0,5235515,282083,0,0,-5,0,0,0,1114373,220,646858,0,0
2021-11-23,USA,222014,1568,43091.95,658397,50045,3905,1973,5785,2399,3386,30929,34614662,77736,39935,999154,0,900,0,0,418,0,5096853,199607,0,0,-3.71,0,0,0,1245909,97,635121,0,0
2021-11-24,USA,216871,1485,43323.77,542393,47424,3778,1869,5902,2457,3445,27519,22773780,49054,36659,1011633,0,503,0,0,243,0,4290953,157277,0,0,-1.14,0,0,0,1294470,82,636019,0,0
2021-11-25,USA,206377,1443,41813.77,141987,34030,3662,1687,5046,2031,3015,22876,23606768,36998,33577,918789,0,491,0,0,401,0,3041217,165759,0,0,-9.57,0,0,0,1240605,68,440990,0,0
2021-11-26,USA,347279,2456,71409.03,30702,25455,4850,2428,5448,2239,3209,32580,18625834,38461,71252,1252730,0,385,0,0,388,0,5795758,116312,0,0,-10.29,0,0,0,1325682,73,336489,0,0
2021-11-27,USA,381798,2692,79863.83,10979,34395,4666,2451,7044,2567,4477,34617,18255617,54177,98551,1620891,0,314,0,0,595,0,4956472,150490,0,0,-11.57,0,0,0,1243292,23,250764,0,0
2021-11-28,USA,271847,1948,53219.61,14407,48389,3972,2124,4495,2159,2336,35739,13149056,63312,78008,1507925,0,273,0,0,339,0,8203067,157430,0,0,-12.29,0,0,0,1347975,0,252001,0,0
2021-11-29,USA,366559,2621,71366.81,44842,66442,4973,2584,6569,3180,3389,41482,29718482,76696,73453,1583047,0,355,0,0,412,0,7285267,131409,0,0,-13.14,0,0,0,1396468,0,207121,0,0
2021-11-30,USA,367719,2617,66905.3,229568,78798,4655,2531,6358,3885,2473,35123,18238989,79116,74619,1601434,0,373,0,0,585,0,10350548,236965,0,0,-14.57,0,0,0,1184332,37,301961,0,0
2021-12-01,USA,292987,1924,32079.76,111178,108252,4286,2248,5410,4106,1304,47430,33127550,106072,54197,1559960,0,392,0,0,405,0,10149535,172607,0,0,-17,1,0,0,1444762,81,387289,0,0
2021-12-02,USA,248033,1629,7454.22998,62252,101616,3986,1950,6136,4389,1747,38516,23386825,158064,38679,1521544,0,381,0,0,491,0,8643280,105095,0,0,-8.71,0,0,0,1484979,75,417656,0,0
2021-12-03,USA,236648,1538,8280.12,52201,90663,3828,1886,5259,4051,1208,34542,19759611,168267,37339,1454604,0,304,0,0,522,0,6421503,85298,0,0,-7.86,0,0,0,1255682,0,325512,0,0
2021-12-04,USA,239316,1575,7569.25,51932,67890,3663,1688,5299,4067,1232,37816,22487773,76611,36710,1622785,0,311,0,0,630,0,5730563,72250,0,0,-6.57,0,0,0,1170859,0,177781,0,0
2021-12-05,USA,254526,1668,8092.91,111392,69898,3767,1987,5049,3722,1327,44944,13016726,68244,44684,1999053,0,303,0,0,421,0,6851462,81274,0,0,-6,0,0,0,1381569,0,277334,0,0
2021-12-06,USA,354490,2286,12599.03,110404,109558,4473,2252,7186,5384,1802,48101,17322967,126641,62855,2763230,0,407,0,0,648,0,10036695,365596,0,0,-6.14,0,0,0,1442855,0,590090,0,0
2021-12-07,USA,416382,2649,17578.2,127747,138583,4758,2381,7973,5658,2315,53243,24715716,139831,67674,3300930,0,550,0,0,1418,0,7747445,301352,0,0,-6.14,0,0,0,1461573,0,824512,0,0
2021-12-08,USA,428386,2798,13829.57,109205,145523,4893,2393,9163,6524,2639,64583,31641299,136323,69758,3067999,0,565,0,0,686,0,5258915,375257,0,0,-6.43,0,0,0,1350209,0,1279878,0,0
2021-12-09,USA,448921,2832,13917.51,85594,159473,5427,2195,9391,6470,2921,57394,35093555,167115,56963,3087557,0,552,0,0,487,0,6317990,469535,0,0,-6.43,0,0,0,1334793,0,1515044,0,0
2021-12-10,USA,431088,2783,14182.46,98150,147013,4766,2224,8161,6432,1729,52738,19198244,148970,63458,2810121,0,482,0,0,395,0,4844483,602071,0,0,-6.86,0,0,0,1465512,0,1733847,0,0
2021-12-11,USA,427494,2688,13453.28,72821,121113,4612,1976,7616,6059,1557,58472,33567971,129091,51603,2912907,0,501,0,0,373,0,2690858,844401,0,0,-7.14,0,0,0,1313896,0,1557359,0,0
2021-12-12,USA,402237,2538,12131.1,79069,133780,4815,2022,7346,5746,1600,59138,37763604,151917,51813,2483623,0,449,0,0,316,0,3488526,489135,0,0,-6.86,0,0,0,1549407,0,1768449,0,0
2021-12-13,USA,430513,2715,21858.71,80415,186301,5191,2365,10384,7989,2395,59150,36064586,164910,35846,2620605,0,500,0,0,568,0,7321829,537695,0,0,-6.43,0,0,0,1443133,0,1854848,0,0
2021-12-14,USA,458380,2936,24496.52,88915,224330,5092,2270,11500,8886,2614,60421,37400692,136233,46639,2512895,0,594,0,0,408,0,7819077,394258,0,0,-6,0,0,0,1085075,0,1570342,0,0
2021-12-15,USA,407121,2680,15764.54,97397,224805,4560,2085,10787,8929,1858,51092,22871176,177580,50980,2729901,0,486,0,0,924,0,7071950,569216,0,0,-5.29,0,0,0,965481,0,1553059,0,0
2021-12-16,USA,368551,2384,11924.3,97381,214496,4547,1979,12257,10539,1718,50535,38705712,163043,41205,2142379,0,533,0,0,1101,0,6007319,240116,0,0,-4.43,0,0,0,1120289,0,1609367,0,0
2021-12-17,USA,322346,2118,9574.91,86868,191443,4115,1805,12688,10538,2150,38888,36184332,217430,36680,1748387,0,443,0,0,1510,0,5624666,88407,0,0,-3.71,0,0,0,806833,0,1518574,0,0
2021-12-18,USA,224061,1503,5720.81,61267,99168,3557,1554,9313,8041,1272,28595,22510054,76736,29677,1480509,0,349,0,0,1341,0,5123112,42869,0,0,-3.43,0,0,0,556261,0,1204464,0,0
2021-12-19,USA,186776,1229,4606.82,36824,66191,3353,1564,10786,8091,2695,28190,13712122,99311,21603,1214522,0,408,0,0,1604,0,2960998,0,0,0,-3,0,0,0,617550,0,1147463,0,0
2021-12-20,USA,134756,887,4070.75,51734,70208,3223,1577,12267,11414,853,26156,23999836,102112,21893,935120,0,405,0,0,836,0,3972756,95309,0,0,-1.71,0,0,0,658092,0,711858,0,0
2021-12-21,USA,79130,524,2897.68,58659,58141,2907,1443,14783,13187,1596,31963,12226383,57834,11824,484754,0,385,0,0,1491,0,3462783,91402,0,0,-0.43,0,0,0,563201,0,172504,0,0
2021-12-22,USA,78044,512,2624.17,83780,47325,2957,1312,14227,12161,2066,32295,11922960,35842,5327,492661,0,331,0,0,952,0,2826897,103811,0,0,1,0,0,0,593844,0,153488,0,0
2021-12-23,USA,76340,508,2304.2,80557,28406,2577,1200,13740,12934,806,31950,9276750,32764,6210,843282,0,342,0,0,566,0,2430819,107127,0,0,3,0,0,0,546768,0,104862,0,0
2021-12-24,USA,72939,519,2392.72,63751,18474,2587,1129,12554,11381,1173,35777,3778330,14507,4986,1097339,0,315,0,0,457,0,1790667,83891,0,0,0.71,0,0,0,563612,0,77241,0,0
2021-12-25,USA,79700,542,2883.24,66851,11277,2690,1365,5165,4271,894,71424,3998891,13808,16433,1225758,0,254,0,0,667,0,1739488,80326,0,0,-9.57,0,0,0,639112,0,85560,0,0
2021-12-26,USA,85304,610,3189.5,67101,8753,3147,1709,5135,3169,1966,69541,4299533,24144,27912,1527026,0,234,0,0,291,0,1907819,97370,0,0,-11.29,0,0,0,719344,0,91535,0,0
2021-12-27,USA,75318,558,2838.34999,77942,11849,3157,1653,8405,4160,4245,50237,5810936,33359,20563,1243235,0,352,0,0,274,0,1723591,101575,0,0,-12.57,0,0,0,728363,0,86881,0,0
2021-12-28,USA,64176,454,2539.36,32877,16166,2691,1402,4689,3350,1339,35617,6229842,30141,12879,888798,0,318,0,0,343,0,1014289,113263,0,0,-14.29,0,0,0,723909,0,0,93738,0
2021-12-29,USA,56604,377,2160.89,17242,23582,2488,1260,3707,3110,597,29024,4534001,12733,5783,671987,0,297,0,0,255,0,684167,92862,0,0,-16.29,0,0,0,664135,0,0,73286,0
2021-12-30,USA,53298,369,1882.1,17420,23627,2385,1114,2997,2531,466,28324,5381505,12959,12600,410497,0,242,0,0,347,0,636892,132260,0,0,-18.57,0,0,0,729672,0,0,52163,0
2021-12-31,USA,76196,513,5232.12,15849,22769,2324,1105,4152,2272,1880,28267,3648335,13740,16081,611514,0,241,0,0,706,0,975625,121812,0,0,-17.86,0,0,0,904332,0,0,57203,0
2022-01-01,USA,70353,472,4801.88,11138,29472,2287,921,3467,1564,1903,29340,8222790,17626,15530,542120,0,157,0,0,452,0,894443,198571,0,0,-13,0,0,0,1527613,0,0,86017,0
2022-01-02,USA,86780,563,4723.3,11914,46419,2717,1146,3726,1708,2018,36482,15950280,24088,21424,767041,0,205,0,0,234,0,741565,273589,0,0,-14,0,0,0,1717692,0,0,115914,0
2022-01-03,USA,68998,483,2853.78,13840,66087,2551,1168,4548,2190,2358,29668,11917949,32211,19952,776535,0,239,0,0,256,0,1725583,293015,0,0,-15.14,0,0,0,1497654,0,0,126605,0
2022-01-04,USA,60035,410,2284.72,12110,59787,2400,1081,3637,2316,1321,28419,7766892,33733,18352,671939,0,242,0,0,370,0,1411665,304348,0,0,-16.14,0,0,0,1251268,0,0,100986,0
2022-01-05,USA,64390,463,2449.29,15306,55265,2310,970,4595,2396,2199,22269,5704654,42292,17240,615798,0,218,0,0,579,0,1531172,218204,0,0,-17.71,0,0,0,1203511,0,0,84043,0
2022-01-06,USA,60846,421,2430.08,19031,54889,2159,999,3309,2198,1111,22541,3708163,35396,15857,573996,0,223,0,0,611,0,1549539,166254,0,0,-20.14,0,0,0,1135124,2,0,74431,0
2022-01-07,USA,63387,431,2141.61,22824,47716,2187,1079,2880,2360,520,22513,3008295,38434,15717,589074,0,214,0,0,263,0,681172,121737,0,0,-21.43,0,0,0,1129947,0,0,75118,0
2022-01-08,USA,62632,424,1976.19,15929,33934,2140,1013,2877,2275,602,22155,7336670,22555,14495,649407,0,192,0,0,908,0,299044,59664,0,0,-18,0,0,0,1100931,0,0,70183,0
2022-01-09,USA,64479,432,2382.54,14758,42387,2211,1012,2570,1811,759,26295,11675177,22038,15264,741214,0,205,0,0,468,0,311987,65821,0,0,-18.14,0,0,0,1160634,0,0,72390,0
2022-01-10,USA,58573,393,2683.31,13096,54166,2382,1073,2886,2436,450,19922,12228305,36693,14058,691959,0,582,0,0,319,0,937955,137859,0,0,-18.57,0,0,0,1147798,0,0,77722,0
2022-01-11,USA,62744,413,2347.66,13113,52771,2492,1146,3289,2846,443,21727,11463147,31121,14066,621186,0,640,0,0,534,0,300036,153860,0,0,-19.14,0,0,0,1257220,0,0,84691,0
2022-01-12,USA,62558,413,2309.58,13778,52447,2413,1117,2849,2544,305,20356,11936017,27462,14309,579774,0,232,0,0,460,0,3103258,185896,0,0,-19.14,0,0,0,1128575,0,0,71926,0
2022-01-13,USA,66106,438,1758.45,16610,50842,2278,1052,3081,2410,671,18447,11296477,25376,15519,580682,0,270,0,0,367,0,2676271,146942,0,0,-18.71,0,0,0,1056886,0,0,70008,0
2022-01-14,USA,65371,442,1751.47,15979,58613,2357,1056,2626,2145,481,20328,12902909,27459,8267,616137,0,221,0,0,413,0,1357705,115365,0,0,-17.71,0,0,0,1050787,0,0,76381,0
2022-01-15,USA,67040,445,1815.16,13759,46637,2339,982,3129,1886,1243,25472,13558328,20315,8967,657352,0,193,0,0,856,0,1352846,112672,0,0,-17.86,0,0,0,1144807,0,0,84542,0
2022-01-16,USA,76693,502,2274.47,12611,74832,2599,1182,2453,1455,998,33572,26455461,35690,17738,778283,0,243,0,0,555,0,1327832,105595,0,0,-18.43,0,0,0,1443518,0,0,0,100295
2022-01-17,USA,69910,467,2139.41,12704,106194,2862,1232,3234,2021,1213,25688,16238143,52165,21445,732724,0,310,0,0,386,0,1451403,144063,0,0,-18.86,0,0,0,1484296,0,0,0,189678
2022-01-18,USA,57704,399,2104.99,12529,113717,2677,1102,3063,2141,922,22850,16853218,89204,15648,648033,0,289,0,0,251,0,1456925,208828,0,0,-18.86,0,0,0,1230990,0,0,0,264786
2022-01-19,USA,68523,462,2639.65,14239,129190,2521,1105,3543,2188,1355,23760,13735468,107382,12037,577431,0,241,0,0,468,0,1279155,210237,0,0,-18.86,0,0,0,1004721,0,0,0,250207
2022-01-20,USA,72831,475,2357.57,15340,135877,2464,1109,2843,2056,787,14114,16139205,72060,11743,534095,0,218,0,0,264,0,1494249,111055,0,0,-19.29,0,0,0,923802,0,0,0,233521
2022-01-21,USA,76157,504,2927.09,14824,133170,2455,1104,3687,2049,1638,9503,10332158,74341,11384,563029,0,222,0,0,813,0,2459085,170328,0,0,-19.71,0,0,0,830611,0,0,0,243012
2022-01-22,USA,66094,444,2554.88,11488,99138,2260,1127,2570,1724,846,10690,13983786,67099,11520,569600,0,163,0,0,463,0,924756,153230,0,0,-19.57,0,0,0,837595,0,0,0,224972
2022-01-23,USA,74369,501,2943.58,13536,99223,2552,1261,1876,1412,464,13030,21518617,52333,13942,614288,0,205,0,0,346,0,828296,197304,0,0,-18.71,0,0,0,935304,0,0,0,211417
2022-01-24,USA,75395,502,3140.27,15883,132457,2585,1258,3349,1930,1419,10360,18210500,79122,13707,591038,0,240,0,0,540,0,2061221,204939,0,0,-18.57,0,0,0,901133,0,0,0,247082
2022-01-25,USA,79921,519,3399.16,15194,156348,2505,1346,2909,2059,850,10197,20924424,80393,13696,597950,0,279,0,0,434,0,3203958,181117,0,0,-18.43,0,0,0,814018,0,0,0,274133
2022-01-26,USA,83592,549,2907.47,17034,133012,2586,1227,3562,2088,1474,9490,16356224,65054,15967,735960,0,233,0,0,606,0,3317338,181197,0,0,-18.43,0,0,0,700057,331,0,0,321518
2022-01-27,USA,100401,660,3594.87,17417,118355,2478,1215,3304,2106,1198,9727,18663605,75776,24385,1047478,0,273,0,0,480,0,1888430,138230,185320,0,-17.86,0,0,0,634184,851,0,0,299900
2022-01-28,USA,109734,729,3622.38,17614,124021,2737,1249,3468,1879,1589,9528,22645329,83502,29301,1166301,0,323,0,0,1177,0,2323804,156388,917511,0,-17.29,0,0,0,499177,776,0,0,306323
2022-01-29,USA,113377,758,3242.98,18151,106623,2819,1269,3626,1809,1817,12874,20665392,71318,28616,1195123,0,468,0,0,586,66750,3507108,146442,858046,0,-17.71,0,0,0,531128,662,0,0,285191
2022-01-30,USA,118160,791,3302.93,17462,124190,2856,1450,3004,1534,1470,12885,26610038,94542,30744,1266770,0,400,0,0,757,62063,6145992,242894,1059434,0,-17.57,0,0,0,677667,820,0,0,275349
2022-01-31,USA,132854,904,3787.08,22078,170929,3163,1500,4453,2262,2191,12053,33618255,157514,33892,1285470,0,445,0,0,524,40667,3727965,305103,1509428,227960,-17,0,0,0,833794,1140,0,0,289774
2022-02-01,USA,141713,928,4195.49,53873,188285,3060,1498,4037,2316,1721,12657,22560889,169605,28272,1151096,0,409,0,0,442,40774,2898385,372428,1207792,250974,-16,0,0,0,799493,662,0,0,314156
2022-02-02,USA,148151,989,4058.67,52720,180728,2924,1476,4138,2646,1492,14777,21607252,148281,21562,986332,0,440,0,0,600,37249,4065280,465679,1443712,198971,-16.14,0,1,0,692860,0,0,0,368591
2022-02-03,USA,180468,1163,5126.7701,56781,195263,3166,1580,3821,2867,954,15338,28736373,126250,20214,1035122,0,455,0,0,460,20910,8534138,465928,2328939,397170,-17.57,0,0,0,976303,0,0,0,555988
2022-02-04,USA,199533,1338,5254.99,70118,188493,4236,1671,4493,3099,1394,18344,29157095,143208,20624,1041511,0,447,0,0,803,0,5208516,269914,1989152,1044503,-18.57,0,0,0,1833160,0,0,0,706227
2022-02-05,USA,179944,1181,5129.92,72189,152186,3484,1521,4149,2844,1305,19104,27453473,128315,18063,1262601,0,320,0,0,716,0,8263784,250690,1101878,1327836,-17.29,0,0,0,1128524,0,0,0,723931
2022-02-06,USA,157426,1052,5582.29,57786,132455,3671,1652,4638,2683,1955,16653,20930537,143084,19346,1267403,0,372,0,0,633,0,6919012,216376,733840,1401143,-16.43,0,0,0,1437330,0,0,0,603821
2022-02-07,USA,155890,1063,5589.619995,41993,91014,3679,1745,5256,3689,1567,17407,22878028,206678,18017,1179485,0,397,0,0,534,0,11159220,131717,0,1604694,-16.29,0,0,0,1299747,0,0,0,447771
2022-02-08,USA,137457,931,4904.77,30164,67464,3304,1656,5328,4340,988,14711,23869600,200151,15994,1051099,0,336,0,0,491,0,9509827,112032,0,1639209,-16.57,0,0,0,1312441,0,0,0,256365
2022-02-09,USA,107801,724,5847.6599,27195,75869,3136,1525,5700,4712,988,13994,16692584,181774,12343,733990,0,264,0,0,492,0,4429655,192119,0,758969,-15.57,0,0,0,1207501,0,0,0,140935
2022-02-10,USA,101511,702,8196.03,27133,73474,3140,1403,5093,4256,837,14402,27209902,166130,14686,763480,0,271,0,0,739,0,4430698,173419,0,751510,-13.57,0,0,0,1149528,0,0,0,113474
2022-02-11,USA,96086,684,8750.45,29034,66329,3306,1328,4487,3522,965,15339,17896883,105064,11780,539512,0,235,0,0,641,0,4353488,245129,0,806749,-11.86,0,0,0,1369182,0,0,0,96916
2022-02-12,USA,95219,653,9051.700001,32417,55287,3742,1361,3556,2885,671,15728,22363482,88035,14839,728765,0,270,0,0,531,0,3506558,197148,0,710514,-11.14,0,0,0,1850234,0,0,0,68721
2022-02-13,USA,85819,567,8148.02,41702,47532,3645,1313,2948,2500,448,14634,22946799,86768,12883,500609,0,211,0,0,347,0,3432083,194085,0,666072,-11.71,0,0,0,1668489,0,0,0,32816
2022-02-14,USA,102466,683,10550.13,46834,57846,3549,1585,5208,4122,1086,17433,15440366,126210,14414,594882,0,218,0,0,622,0,8461165,181435,0,850171,-10.43,0,0,0,1748603,0,0,0,44053
2022-02-15,USA,87796,602,7490.38,49321,67459,3674,1684,4183,3425,758,20271,17214815,96075,17017,538904,0,299,0,0,352,0,3697487,281359,0,810186,-10.71,0,0,0,1932247,447,0,0,40766
2022-02-16,USA,69733,475,3085.90998,50569,66865,3357,1357,3233,2844,389,13107,13051709,64524,15818,488060,0,313,0,0,259,0,3782896,277384,0,763643,-10.86,0,0,0,1750815,3091,0,0,79927
2022-02-17,USA,64909,441,3414.68,55598,67806,3174,1249,4138,2778,1360,10344,14603022,60110,13609,507827,0,347,0,0,211,0,4904455,265890,0,726540,-11.43,0,0,0,1734014,2394,0,0,109509
2022-02-18,USA,64971,445,2699.36,59886,68739,3118,1110,3471,2641,830,11118,13216846,53006,13082,463992,0,229,0,0,383,0,4267702,229921,0,449594,-11.71,0,0,0,1736286,2538,0,0,117431
2022-02-19,USA,63680,421,2487.91,56912,45327,2813,1117,3214,2289,925,11797,12723752,34335,13717,475263,0,230,0,0,863,0,1384553,114613,0,526626,-11.86,0,0,0,1730886,2130,0,0,105539
2022-02-20,USA,63000,416,2985.119996,59652,47275,2973,1169,2807,1753,1054,10519,10688090,26948,15019,514314,0,240,0,0,434,0,3093488,151650,0,204785,-10.43,0,0,0,1669294,1833,0,0,61296
2022-02-21,USA,64340,419,2906.75,71676,57717,3377,1188,3498,2302,1196,9827,8542411,29898,17614,557283,0,327,0,0,308,0,5466506,276066,0,219459,-10.71,0,0,0,1566923,646,0,37659,0
2022-02-22,USA,61823,397,2697.36,67210,67404,2780,1185,3508,2512,996,10205,7079922,26079,18564,515692,0,308,0,0,485,0,3307537,330843,0,129885,-10.71,0,0,0,1451881,116,0,37415,0
2022-02-23,USA,59692,397,2911.67,58428,59503,2713,1179,4325,2684,1641,9900,4130182,18757,13773,493526,0,268,0,0,743,0,2793831,319346,0,537529,-11,0,0,0,1246178,91,0,34283,0
2022-02-24,USA,60691,391,2842.51,52271,50334,2598,1058,3717,2826,891,7660,5497419,16772,12283,449702,0,229,0,0,433,0,2605224,223778,0,339122,-11,0,0,0,1102104,105,0,19779,0
2022-02-25,USA,62754,408,3154.41,49479,39660,2369,1049,3801,2512,1289,6998,350382,14565,11897,466233,0,199,0,0,919,0,2635489,460432,0,348473,-11.29,0,0,0,802715,114,0,2528,0
2022-02-26,USA,54137,337,2618.81,42992,21991,2191,939,2857,2148,709,9612,4316970,10205,12339,536724,0,196,0,0,662,0,2018620,169898,0,270072,-11.29,0,0,0,834839,104,0,2099,0
2022-02-27,USA,58079,394,3163.44,37936,19069,2193,1060,2698,1678,1020,10611,9010864,10195,15634,606680,0,216,0,0,498,0,2314655,229128,0,339558,-11.57,0,0,0,922784,58,0,1529,0
2022-02-28,USA,61329,400,3495.23003,37400,28622,2433,1167,3078,2255,823,9058,10963454,14998,17732,645878,0,261,0,0,468,0,3925726,143707,0,282271,-12,0,0,0,1083085,91,0,1432,0
2022-03-01,USA,57011,363,2587.750002,24756,30417,2206,1014,3595,2749,846,8445,5543097,13325,18175,603680,0,243,0,0,454,0,4175118,196826,0,371740,-11,0,0,0,1022084,92,0,1719,0
2022-03-02,USA,53110,339,2066.1,26305,33671,2107,1031,3356,2642,714,8474,4306021,12741,17248,605232,0,250,143619,0,320,0,3059096,295049,0,310475,-10.29,0,0,0,993975,83,0,1774,0
2022-03-03,USA,54959,354,2086.5,28466,42361,2159,1023,3012,2684,328,7593,2652040,12170,15664,604906,0,247,157868,0,467,0,3227132,412571,0,285927,-9.29,0,0,0,844118,49,0,1648,0
2022-03-04,USA,57786,377,2194.71,23238,49314,1980,952,2505,2246,259,7774,2505409,13401,14722,570059,0,925,150673,0,807,0,3445065,355770,0,274250,-8.57,0,0,0,821514,70,0,1675,0
2022-03-05,USA,51622,318,2249.51,23528,39125,1931,915,1959,1711,248,8103,3566668,9854,14891,583756,0,459,144991,0,583,0,3379548,114586,0,318674,-8.29,0,0,0,812988,74,0,1519,0
2022-03-06,USA,51701,340,1932.5,26374,44360,1882,927,1472,1260,212,7407,3149274,9969,16970,665315,0,317,141769,0,291,0,3238781,200790,0,284850,-8.14,0,0,0,787029,75,0,13924,0
2022-03-07,USA,58500,370,1888.75,27276,70416,2140,1023,1834,1616,218,8453,2634813,12550,15943,717748,0,298,128977,0,325,0,3583833,346873,0,202696,-8.71,0,0,0,862166,75,0,86141,0
2022-03-08,USA,55913,351,2284.7,30692,64015,2097,999,2121,1909,212,7552,2340833,11383,15155,646586,0,796,134189,0,627,0,4265076,408811,0,74313,-9.43,0,0,0,666691,128,0,95564,0
2022-03-09,USA,55379,363,2271.23,31033,41078,2227,999,1748,1573,175,6431,1521430,9729,15631,616826,0,724,178996,0,298,0,8177950,337251,0,250528,-10.14,0,0,0,958850,116,0,243947,0
2022-03-10,USA,55881,349,1853.76,28605,33223,2102,875,2647,1685,962,6856,947710,6148,15146,630855,0,377,184935,0,262,0,8516573,269508,0,205574,-10.71,0,0,0,827213,96,0,196725,0
2022-03-11,USA,48844,320,2040.36,29340,26313,2286,948,2176,1559,617,7370,910647,7051,13217,660578,0,276,175316,0,197,0,8361077,443985,0,139319,-11.29,0,0,0,696046,106,0,116298,0
2022-03-12,USA,57053,362,2319.73,27306,20978,2272,904,1636,1371,265,7729,1465456,6365,12602,638367,0,950,186576,0,234,0,8952972,364330,0,135091,-12.57,0,0,0,621899,112,0,122094,0
2022-03-13,USA,53254,326,2013.37,22361,22942,2247,875,1282,1080,202,7313,1547408,6469,14203,693186,0,591,183999,0,125,0,6574910,266198,0,155019,-13,0,0,0,719513,116,0,190736,0
2022-03-14,USA,51657,339,2153.24,21730,39029,2066,877,2411,1595,816,7049,1883849,6968,14146,666429,0,426,161243,0,318,0,4964838,171344,0,75905,-12.71,0,0,0,661350,153,0,158572,0
2022-03-15,USA,51279,328,1968.89,19776,42028,1891,817,2391,1650,741,7024,1474466,7351,13580,637751,0,258,134138,0,244,0,3798173,150412,0,21,-12.43,0,0,0,548563,100,0,154253,0
2022-03-16,USA,47344,308,1962.15,23542,54255,1899,671,2488,1681,807,6606,1006781,8487,12295,572764,0,239,221654,0,182,0,3646553,198444,0,0,-11.57,0,0,0,582827,129,0,70396,0
2022-03-17,USA,52041,333,1866.99,17669,71597,1882,900,2292,1803,489,6916,1628328,10331,12254,588861,0,276,208648,0,221,0,3966630,207839,0,277441,-11.14,0,0,0,766545,115,0,33078,0
2022-03-18,USA,64242,406,2837.45,13728,75698,1880,845,1989,1719,270,6255,2246337,21343,11692,526349,0,254,208431,0,242,0,4790223,226008,0,152113,-10.71,0,0,0,821339,98,0,33970,0
2022-03-19,USA,60015,354,1862.12,12949,96227,1926,897,2308,1396,912,7013,3558924,16437,11085,525009,0,233,310392,0,498,0,4092054,223271,0,149741,-9.71,0,0,0,893100,95,0,32876,0
2022-03-20,USA,56588,367,2684.8,12948,110746,2029,988,1909,1212,697,7477,3891469,18457,14690,607820,0,250,300867,0,209,0,3361557,241418,0,179048,-9.14,0,0,0,1014639,97,0,36471,0
2022-03-21,USA,67956,434,2652.46,10623,158446,2142,1073,3158,1703,1455,7259,3013329,24961,17484,689080,0,301,381980,0,221,0,7358404,181886,0,148705,-9.14,0,0,0,990452,74,0,36061,0
2022-03-22,USA,61094,379,2264.099998,10093,145369,2186,1073,2854,1951,903,7201,4172008,28144,16061,636155,0,226,500015,0,183,0,4918108,154867,0,76115,-9.43,0,0,0,988562,55,0,36788,0
2022-03-23,USA,60133,383,2132.78,13019,147750,2430,1007,2889,1981,908,8362,5586326,30252,17641,654933,0,267,471979,0,128,0,6540978,170738,0,506461,-10,0,0,0,948596,49,0,56666,0
2022-03-24,USA,66816,387,3069.08,15694,131944,2220,926,2577,1977,600,8494,5433119,49825,18018,642618,0,238,265037,0,176,0,9624608,189159,0,438291,-10.29,0,0,0,866452,57,0,86148,0
2022-03-25,USA,60962,385,2355.78,13748,108895,1997,908,2730,1799,931,7998,4802010,49633,16582,625252,0,206,250016,0,527,0,8238750,149671,0,529359,-10.29,0,0,0,755485,62,0,84572,0
2022-03-26,USA,58638,367,1891.95,13430,79593,1945,863,2141,1606,535,9157,6673440,28888,18664,685933,0,160,384408,0,348,0,5925925,94808,0,520257,-10.29,0,0,0,668767,59,0,81862,0
2022-03-27,USA,57148,363,1971.22,29946,58075,1970,883,1693,1359,334,7889,5535221,22555,22794,778793,0,189,306396,0,169,0,3642364,66866,0,275849,-10.57,0,0,0,657185,34,0,78818,0
2022-03-28,USA,61850,379,2261.800002,57873,78253,2181,967,2738,1819,919,8403,10666045,35489,23362,760949,0,203,136995,0,197,0,6246397,67948,0,188963,-10.86,0,0,0,640480,91,0,77175,0
2022-03-29,USA,58866,382,2159.39,47492,69607,2009,957,2816,2222,594,6529,7868608,30895,21444,717738,0,219,122569,0,230,0,7352488,71972,0,169075,-10.86,0,0,0,636483,69,0,79032,0
2022-03-30,USA,62057,402,2266.96,51054,77355,2166,937,2705,2071,634,7424,5258531,29418,17135,657502,0,237,119824,0,343,0,8006170,271927,0,151731,-10.86,0,0,0,670002,61,0,69246,0
2022-03-31,USA,68377,427,3098.66,26940,90896,2203,903,2402,1820,582,7537,2496137,33732,16926,721897,0,219,157879,0,327,0,10205719,264758,0,169926,-10.71,0,0,0,830002,73,0,82803,0
2022-04-01,USA,77306,463,3010.259998,15752,94395,2149,960,2862,1675,1187,9696,2571423,27857,18370,720505,0,207,73158,0,745,0,5436421,280925,0,227922,-10.29,0,0,0,861866,86,0,111070,0
2022-04-02,USA,62039,367,2357.15,13858,56012,2017,815,1870,1272,598,7881,1842042,20807,19265,754195,0,179,130223,0,432,0,5550865,150019,0,192220,-10,0,0,0,817693,61,0,88911,0
2022-04-03,USA,66150,420,2862.650004,9224,49971,2202,909,1417,1140,277,8830,3762181,19175,23348,756077,0,165,259462,0,258,0,4866608,110241,0,170689,-9.71,0,0,0,964815,71,129577,0,0
2022-04-04,USA,74942,462,2797.44,12624,83024,2267,1103,2684,1535,1149,9890,5024348,28426,25335,789656,0,221,145609,0,419,0,10115830,127644,0,167036,-9.29,0,0,0,953545,108,174985,0,0
2022-04-05,USA,65620,401,2638.96,12735,76992,2275,1062,2673,1874,799,9098,3384559,24439,21966,721067,0,224,135679,0,231,0,9697955,163599,0,139055,-9.14,0,0,0,818886,36,224400,0,0
2022-04-06,USA,71993,413,2870.97,15818,74496,2195,977,2276,1944,332,8005,2581732,21958,18290,713120,0,217,192796,0,194,0,8623722,1864,168354,138342,-9,0,0,0,685402,0,250389,0,0
2022-04-07,USA,80911,469,3228.10999,12879,68015,2310,1010,3026,1851,1175,8199,2438104,23159,14564,605018,0,236,180325,0,612,0,9308839,180326,565453,98506,-9,0,0,0,653932,0,248172,0,0
2022-04-08,USA,80886,461,3100.39,11179,75022,2158,912,2248,1624,624,7656,4337251,23066,12126,608019,0,238,135900,0,320,0,3845984,188058,1235246,131615,-9.14,0,0,0,613028,0,313150,0,0
2022-04-09,USA,84220,475,2408.48,13635,59418,2153,915,2350,1315,1035,9478,7076797,18070,12765,639731,0,203,129568,0,266,0,3471402,157726,1644855,90308,-9,0,0,0,640069,0,327423,0,0
2022-04-10,USA,68507,419,2336.57,17066,67424,2277,1032,1740,1149,591,9334,6784817,14903,14442,710023,0,200,193818,0,160,0,3354853,124770,1262697,139492,-8.71,0,0,0,729679,0,302813,0,0
2022-04-11,USA,80291,495,2862.86,19095,101392,2604,1122,2776,1817,959,8762,4339329,18904,17725,875611,0,264,160351,0,499,0,3133226,402212,1137478,147126,-8.57,0,0,0,948177,0,341950,0,0
2022-04-12,USA,82770,496,2780.38,17174,121835,2486,1094,2497,1930,567,10034,4855835,18373,17463,840557,0,309,124475,0,291,0,5152748,471969,1065853,156526,-8.29,0,0,0,875990,0,309354,0,0
2022-04-13,USA,100447,609,3128.3,13831,92933,2455,1142,3377,1900,1477,10206,4702940,17857,17263,805065,0,281,124749,0,235,0,6802583,551431,1847738,149464,-8,0,0,0,851859,0,307905,0,0
2022-04-14,USA,95643,581,3440.52,14584,89539,2606,1117,2650,1934,716,8607,3816943,19165,16363,750638,0,307,109020,0,171,0,5520598,591752,1610938,386863,-7.29,0,0,0,838622,0,371627,0,0
2022-04-15,USA,101183,598,3436.56,13071,67208,2569,1072,2111,1721,390,10019,5709830,13183,17836,770103,0,282,85153,0,228,0,4356973,535544,1631985,250275,-6.86,0,0,0,831713,0,440165,0,0
2022-04-16,USA,101879,599,3058.41999,11505,54900,2477,1104,2269,1455,814,9835,5504769,13408,17544,934577,0,278,66355,0,262,0,4568946,483888,1280414,412575,-7.14,0,0,0,899833,0,508591,0,0
2022-04-17,USA,114208,685,4349.11,12288,47171,2556,1111,2471,1192,1279,10814,4805296,12522,19804,1107168,0,267,57015,0,516,0,3966897,376881,2054025,473213,-11,0,0,0,1058818,0,615645,0,0
2022-04-18,USA,139364,824,5744.35,13974,67967,3120,1412,2797,1822,975,12368,5392331,16940,27124,1276792,0,337,375096,0,340,0,5555562,342064,1738034,733599,-11.29,0,0,0,1258070,0,686193,0,0
2022-04-19,USA,157130,931,5433.0601,16969,80453,3423,1512,2545,2113,432,13323,5966321,22554,27742,1617071,0,329,330865,0,259,0,4127574,257546,1841926,752318,-11.57,0,0,0,1267618,0,557253,0,0
2022-04-20,USA,180323,1074,7063.12,22767,84881,3427,1568,3381,2163,1218,13976,5734213,23859,25598,1604764,0,374,190372,0,756,0,3973618,251575,3552102,591901,-11.57,0,0,1,931757,0,376208,0,0
2022-04-21,USA,242043,1371,7490.87,33212,99062,3829,1700,2831,2052,779,16327,6804202,27928,24052,1524302,0,491,148024,0,519,0,4782290,183971,6701056,786545,-12,0,0,0,1014825,0,548306,0,0
2022-04-22,USA,227981,1313,6870.65,39324,97929,3858,1607,4022,1957,2065,15799,6648210,24600,27050,1553169,0,458,147696,0,772,0,4444758,173429,5639760,846429,-12.29,0,0,0,1033828,0,1033596,0,0
2022-04-23,USA,212162,1176,5797.67,30077,80379,3546,1425,2482,1481,1001,16287,7842506,22780,27717,1556330,0,420,145655,0,492,0,3163672,170576,4873402,786813,-11.86,0,0,0,1159023,0,1289962,0,0
2022-04-24,USA,203431,1168,6477.96,30250,81630,3910,1609,3622,1561,2061,17787,7458364,20883,34654,1873623,0,408,152828,0,316,0,2277887,165068,2919638,931447,-8,0,0,0,1270171,0,1398013,0,0
2022-04-25,USA,281048,1630,8543.66,82979,136070,4362,1841,3887,2360,1527,16413,6219215,53921,50586,2422798,0,436,152875,0,753,0,5427661,207081,4215170,891598,-7.71,0,0,0,1425588,0,1536648,0,0
2022-04-26,USA,328691,1907,11186.25,118290,179129,4850,2055,4080,2693,1387,22127,12047273,68787,55821,2632353,0,549,166737,0,577,0,4696867,268126,6068172,1211486,-7.43,0,0,0,1548363,450,1731225,0,0
2022-04-27,USA,369564,2083,10646.37,145959,211187,5144,2086,4400,3188,1212,24051,6587995,87994,49659,2590835,0,601,134199,0,645,0,3620726,339102,6321327,1583539,-7.29,0,0,0,1508573,1679,1746746,0,0
2022-04-28,USA,378753,2150,11278.31,328748,199131,5152,2001,5696,3871,1825,19984,5755251,98718,44559,2665437,0,583,36172,0,660,0,3487165,237711,4801852,1451843,-7.14,0,0,0,1301876,2245,1714505,0,0
2022-04-29,USA,283389,1680,14598.38,345932,181120,4667,1841,5362,4124,1238,15509,3448142,105555,37010,2106854,0,386,33717,0,1070,0,2327371,58383,2529829,706067,-7,0,0,0,997623,1069,1339089,0,0
2022-04-30,USA,204886,1292,20767.35,226509,142784,4051,1655,4078,3337,741,12721,6267466,90443,33578,1559744,0,338,32994,0,982,0,1280774,0,2297614,169390,-7,0,0,0,879921,942,977518,0,0
2022-05-01,USA,206860,1304,20508.86,159240,143728,4006,1722,3576,3189,387,14993,6422539,121647,39460,2017077,0,221,37240,0,487,0,1489655,0,0,187557,-6.86,0,0,0,1088062,1130,1074728,0,0
2022-05-02,USA,254707,1580,27573.38,117325,174863,4870,2054,6591,5347,1244,16068,9574516,240050,45741,1955673,0,270,39545,0,585,0,1773039,64191,0,388177,-6.57,0,0,0,1218203,1602,1088050,0,0
2022-05-03,USA,280438,1743,30234.21,101736,167402,4741,2078,7230,6405,825,17045,15711890,246342,38971,1689366,0,327,47996,0,686,0,3429884,90876,0,530251,-6.14,0,0,0,1295160,1682,839721,0,0
2022-05-04,USA,238768,1505,26877.86,95834,114331,4380,1918,7831,6606,1225,16298,10135940,228915,31220,1822328,0,330,39314,0,846,0,2526007,180631,0,595188,-6,0,0,0,1206325,996,728906,0,0
2022-05-05,USA,210634,1347,23413.21,89408,96635,4619,1760,7834,6538,1296,16271,20215528,182100,24654,1684142,0,311,37065,0,640,0,2018722,109672,0,796574,-5.57,0,0,0,1191412,465,605280,0,0
2022-05-06,USA,195754,1267,23442.25,91281,92799,4285,1734,7250,6035,1215,18482,21364755,190381,20365,1873393,0,321,37494,0,860,0,2051366,105122,0,597408,-5.57,0,0,0,1133268,391,591146,0,0
2022-05-07,USA,186851,1142,22134.16,106334,64016,3942,1460,4901,4191,710,16215,9876874,121298,24549,2078124,0,235,39562,0,400,0,1193928,98480,0,670912,-5.14,0,0,0,1268148,392,593408,0,0
2022-05-08,USA,242533,1531,29244.6,139956,59367,4706,2077,5964,4835,1129,27430,34103410,81319,30640,2422929,0,285,22106,0,662,0,1242271,104667,0,682078,-4.43,0,0,0,1461246,477,478508,0,0
2022-05-09,USA,142180,894,14578.41,89558,75210,4385,1857,5350,4468,882,21939,17779637,107320,21224,1144865,0,340,7826,0,348,0,1147189,113088,0,344664,-4.43,0,0,0,1580080,297,250504,0,0
2022-05-10,USA,80792,492,4219.59,69577,80057,3537,1325,5660,5197,463,12130,7774500,111203,13837,833877,0,362,0,0,347,0,656448,86721,0,262991,-4.29,0,0,0,1471175,0,0,70125,0
2022-05-11,USA,81555,474,4271.28,67978,73448,3187,1263,5750,4742,1008,13186,12595225,75564,15197,658455,0,299,0,0,444,0,0,81859,0,248976,-4.29,0,0,0,1236097,120,0,26433,0
2022-05-12,USA,71332,432,2969.28,68152,76971,3473,1167,4796,4186,610,10677,8604829,66426,17653,596279,0,244,0,0,299,0,0,194297,0,210548,-4.57,0,0,0,1022831,196,0,45457,0
2022-05-13,USA,63625,395,2879.17,68662,70839,2714,1143,5329,4442,887,9458,5103476,56729,17514,535461,0,393,0,0,538,0,0,218061,0,190493,-4.71,0,0,0,883555,215,0,48103,0
2022-05-14,USA,59681,369,2431.75,64758,54131,2414,936,3487,2969,518,9340,4390101,34015,19139,594516,0,329,0,0,389,0,0,224474,0,140357,-5.29,0,0,0,847958,148,0,48244,0
2022-05-15,USA,59157,352,2533.04,53709,55941,2305,1078,2784,2525,259,8693,3542296,41815,22504,581234,0,284,0,0,187,0,0,164396,217365,41620,-6.14,0,0,0,863751,136,0,47196,0
2022-05-16,USA,70551,396,2744.16,52319,91385,2616,1136,4806,3769,1037,8842,5347245,63360,20461,533144,0,361,0,0,671,0,0,71026,239594,105486,-6.29,0,0,0,922253,130,0,58436,0
2022-05-17,USA,65357,414,2546.16,49491,77222,2453,1093,4123,3544,579,8555,2493590,62860,18679,585010,0,352,0,0,461,0,0,5237,200999,88232,-6.57,0,0,0,813178,149,0,64906,0
2022-05-18,USA,59676,365,2770.88,51970,137858,2220,1032,3404,3135,269,7176,1186430,53326,14761,607047,0,356,0,0,337,0,0,49949,239196,84102,-6.57,0,0,0,645652,115,0,56507,0
2022-05-19,USA,64060,386,2186.14,47783,171801,2323,1011,3865,2826,1039,8277,1012625,55620,17880,657420,0,380,0,0,855,0,0,93581,241518,91745,-6.57,0,0,0,574867,121,0,54406,0
2022-05-20,USA,62289,354,2282.44,41033,111348,2293,945,3037,2490,547,7628,1381728,41433,14766,555508,0,337,0,0,1108,0,0,107980,222855,87155,-6.57,0,0,0,570699,106,0,54442,0
2022-05-21,USA,57657,332,2280.55,34056,184315,2221,934,2830,1803,1027,9422,1462873,29635,13205,506288,0,320,0,0,1502,0,0,145985,193435,84879,-6.86,0,0,0,615974,109,0,51718,0
2022-05-22,USA,52810,330,2242.7,33532,160416,2229,989,3566,2910,656,8568,1425936,30433,14848,498268,0,349,0,0,705,0,0,182188,575331,34522,-7,0,0,0,618918,138,0,55582,0
2022-05-23,USA,62756,392,2707.88,36328,101918,2434,1098,4594,3630,964,8969,2757205,39746,15136,545656,0,461,0,0,519,0,983038,152184,1191853,103354,-6.86,0,0,0,675615,125,0,57872,0
2022-05-24,USA,60879,369,2237.08,37076,113210,2402,1111,3518,2917,601,8336,2249608,48892,12854,531424,0,308,0,0,906,0,1058447,103515,1015509,189157,-6.86,0,0,0,657828,122,0,53568,0
2022-05-25,USA,50563,309,2418.540005,26189,79638,2145,934,3459,2710,749,6932,1243015,50373,10948,496492,0,317,0,0,569,0,2252639,97168,1530927,241685,-6.71,0,0,0,477847,149,0,25141,0
2022-05-26,USA,49919,296,2078.29,24938,46261,2136,930,2940,2488,452,7801,3851428,40503,10679,424594,0,348,0,0,382,0,1144600,66611,1918116,228590,-6.43,0,0,0,597801,163,0,36549,0
2022-05-27,USA,51821,315,2469.3,25130,36796,2246,904,2521,1936,585,6476,2899663,30758,10647,450954,0,241,0,0,748,0,1980259,66474,490328,211257,-6.29,0,0,0,601538,143,0,43410,0
2022-05-28,USA,61542,370,3723.79,28451,26594,1999,829,3154,1512,1642,6948,2959968,24675,10331,460251,0,210,0,0,701,0,1444298,66732,452290,190539,-6.43,0,0,0,611286,137,0,40997,0
2022-05-29,USA,54136,347,4288.21,25969,25601,2014,842,2037,1357,680,5815,2212690,23881,10702,459848,0,190,0,0,405,0,1303373,123762,361305,202904,-6.29,0,0,0,646165,120,0,22375,0
2022-05-30,USA,72338,474,10666.68,23053,36555,2372,868,2033,1668,365,7894,2515768,27992,13746,616800,0,258,0,41050,512,0,2439944,173489,372805,245687,-6.71,0,0,0,632928,131,0,37690,0
2022-05-31,USA,83342,510,9533.71,25700,63601,2501,953,2500,2198,302,9064,1757056,42057,17507,870389,0,269,0,101531,312,0,5588194,276074,415365,283696,-6.71,0,0,0,726638,83,0,30014,0
2022-06-01,USA,55652,341,2264.95,30684,93550,2234,932,3002,2163,839,8249,1888642,45919,13101,680944,0,299,0,113335,419,0,1926959,306758,306603,269521,-6.71,0,0,0,763305,46,0,34092,0
2022-06-02,USA,60541,383,2579.24,30993,78178,2285,938,2884,2338,546,8564,3165876,51196,13387,728736,0,266,0,131825,465,0,2215874,163924,309646,356169,-7,0,0,0,685432,60,0,38263,0
2022-06-03,USA,63345,379,2557.92,32080,57253,2088,885,1745,1560,185,7823,2409857,35068,13059,732354,0,231,0,149231,520,0,1691297,56839,264204,553657,-7,0,0,0,593206,74,0,34880,0
2022-06-04,USA,58929,344,2013.98,34947,43783,1893,786,2068,1147,921,7653,2824310,23426,12004,749690,0,241,0,121847,786,0,1220815,33460,258876,359127,-6.86,0,0,0,621150,43,0,36802,0
2022-06-05,USA,54583,333,2206.3499,32585,38413,2024,912,1464,890,574,8542,2678471,21215,13842,792278,0,248,0,130879,340,0,1809304,34690,279033,573668,-7,0,0,0,661623,51,0,36278,0
2022-06-06,USA,63048,374,2364.19,36680,67704,2156,1038,2236,1597,639,8949,2686829,35708,16933,883054,0,257,0,198660,233,0,1653902,86423,296572,542460,-6.57,0,0,0,744942,56,0,29684,0
2022-06-07,USA,68276,411,2603.95,37753,65103,2299,979,2312,1720,592,9523,2455071,28221,17396,897048,0,259,0,219202,206,0,1189717,95168,260964,594015,-6.57,0,0,0,755337,39,0,1929,0
2022-06-08,USA,62005,379,2065.39,34102,55194,2177,1075,2081,1817,264,10187,2199840,21092,16928,845006,0,285,0,100299,154,0,1190802,156686,341498,615840,-6.71,0,0,0,731634,65,0,1752,0
2022-06-09,USA,63452,376,1832.1,30535,70258,2147,1026,1842,1534,308,10209,3440296,14547,16773,807770,0,261,0,96554,274,0,2770181,202205,314631,491683,-6.71,0,0,0,732766,22,0,1123,0
2022-06-10,USA,65128,394,2548.87,31609,66797,2092,960,2555,1502,1053,10053,3547341,10583,17284,731820,0,310,0,107467,685,0,2470941,241992,275627,474185,-6.86,0,0,0,761321,22,0,1238,0
2022-06-11,USA,58516,342,1960.48,29354,43330,1952,832,1581,985,596,8847,2856944,6756,17228,620126,0,226,0,117022,486,0,1848170,113679,254013,473040,-7,0,0,0,763585,45,0,1590,0
2022-06-12,USA,52309,293,1421.67,29497,39677,1943,950,1043,821,222,10260,3317410,5557,18367,622954,0,171,0,136209,218,0,2810536,11167,169916,328718,-7.14,0,0,0,758455,79,0,1961,0
2022-06-13,USA,60232,352,1874.25,33829,57308,2173,1026,2376,1553,823,10307,3034434,8513,22423,695887,0,183,0,89579,225,0,3368362,90491,177168,403272,-7.14,0,0,0,781469,83,0,2429,0
2022-06-14,USA,55312,322,1602.74,34367,55916,2127,1023,2231,1793,438,10030,2378835,9623,23420,770072,0,207,0,131728,173,0,3772579,128274,164172,469106,-7.14,0,0,0,749219,109,0,2379,0
2022-06-15,USA,60796,376,1538.8,37682,42639,2132,964,2604,1623,981,9348,1782829,9601,21015,794855,0,235,0,31974,511,0,1725070,28907,100403,451100,-7,0,0,0,717081,92,0,2605,0
2022-06-16,USA,57511,341,2025.99,40517,44271,2077,892,2418,1987,431,8360,1832290,8807,19660,707780,0,200,0,12313,476,0,2125993,44556,0,750478,-7,0,0,0,716403,108,0,2441,0
2022-06-17,USA,56423,355,2217.66,40660,46190,1953,802,2579,1709,870,9185,1959780,8065,19048,667418,0,195,0,7839,321,0,2216544,22131,0,690171,-7,0,0,0,669098,152,0,2979,0
2022-06-18,USA,51377,320,1809.76,45495,27603,1957,767,2358,1126,1232,11080,1906509,5358,19769,665406,0,146,0,49274,740,0,2240335,19538,0,586425,-6.71,0,0,0,672097,181,0,3020,0
2022-06-19,USA,51407,299,1596.66,42335,21181,1812,795,1820,1033,787,9263,1333198,5909,21727,520630,0,138,0,87726,305,0,2467760,60781,0,353376,-6.29,0,0,0,787225,188,0,3624,0
2022-06-20,USA,55392,327,1974.23,43812,29297,2712,959,3201,1803,1398,9602,1554556,5956,22928,513987,0,169,0,197168,181,0,2071434,128258,0,225324,-6.14,0,0,0,892935,211,0,4027,0
2022-06-21,USA,54792,321,1647.2,38514,42014,2040,904,2767,2011,756,9940,1821880,7089,24597,543058,0,166,0,57407,158,0,330695,126862,0,159659,-6.14,0,0,0,846206,161,0,3416,0
2022-06-22,USA,55314,341,1644.67,34392,49392,1947,889,3028,1879,1149,10153,890103,6593,24444,602757,0,195,0,0,576,0,0,85198,0,150279,-6.43,0,0,0,671481,118,0,2624,0
2022-06-23,USA,46716,298,1572.91,39535,102892,1976,1016,2404,1812,592,8301,1391394,6406,22293,504353,11063,168,0,0,448,0,0,115341,0,115573,-6.57,0,0,0,611671,88,0,1896,0
2022-06-24,USA,52007,303,1857.3,38569,127504,1901,788,1602,1404,198,9984,1138839,86316,17819,601941,13991,155,0,0,908,0,0,102399,0,130838,-6.71,0,0,0,590390,82,0,1897,0
2022-06-25,USA,52165,297,1622.4,28886,103003,1871,759,2341,1100,1241,9956,2971100,55745,15858,622880,18539,145,0,0,457,0,0,65280,0,113963,-7.14,0,0,0,688851,76,0,2062,0
2022-06-26,USA,59912,344,1647.08,23479,93189,1969,816,2049,1009,1040,12222,2121260,11849,16197,690350,57345,153,0,0,201,0,0,70555,0,228165,-7.71,0,0,0,796587,61,0,2210,0
2022-06-27,USA,61414,369,1764.55,27951,129889,2424,1040,2372,1480,892,12082,540337,12129,19080,722125,211855,227,0,0,216,0,0,128911,0,266066,-8,0,0,0,932323,63,0,2127,0
2022-06-28,USA,58746,339,1787.37,28810,111075,2255,937,2029,1553,476,7587,525053,51133,18642,633245,169887,199,0,0,249,0,0,80144,0,271416,-8,0,0,0,817321,58,0,1780,0
2022-06-29,USA,50715,302,1552.3,26549,137489,2105,842,2481,1609,872,8246,557010,59589,16401,614771,4079,202,0,0,622,0,0,107358,0,288902,-7.86,0,0,0,774132,50,0,14495,0
2022-06-30,USA,54468,330,1823,28818,248570,2018,845,2429,1757,672,9479,491490,9704,15612,637967,34903,175,0,0,477,0,0,93263,0,310894,-7.43,0,0,0,802936,58,0,32888,0
2022-07-01,USA,80785,467,6396.29,28626,215030,2049,777,2247,1345,902,7304,383784,7647,15896,784619,19035,172,0,0,553,0,0,104631,0,270531,-6.86,0,0,0,978651,53,0,41745,0
2022-07-02,USA,76289,465,9434.32,22094,138575,2063,685,2292,1101,1191,8309,498598,7035,15162,1008945,32021,141,0,0,486,0,0,102634,0,228967,-6.86,0,0,0,1007609,38,0,43240,0
2022-07-03,USA,65152,426,7882.66,21086,253735,2022,737,1861,980,881,7971,541365,7662,19685,887436,15720,126,0,0,188,0,0,125980,0,202255,-6.57,0,0,0,1063974,41,0,43628,0
2022-07-04,USA,70840,481,9068.01,22630,171362,2198,826,2382,1141,1241,8036,765127,8502,20474,798929,41479,174,0,0,537,0,0,160348,0,198685,-8.14,0,0,0,1093341,53,0,27314,0
2022-07-05,USA,80662,501,9268.72,24120,162923,2171,803,2341,1578,763,8406,443537,12712,18080,630215,146587,174,0,0,265,0,0,154583,0,104667,-8.43,0,0,0,1156209,73,0,2427,0
2022-07-06,USA,60303,370,2667.619998,29596,142116,2227,970,2032,1746,286,9369,545872,14686,17323,674754,0,210,0,0,349,0,0,70952,0,13,-8.71,0,0,0,878701,66,0,2428,0
2022-07-07,USA,58479,364,2138.759999,25864,80522,2016,887,1814,1649,165,8802,385062,13639,16307,617051,0,179,0,0,329,0,0,67953,0,0,-9.14,0,0,0,803741,63,0,2169,0
2022-07-08,USA,62319,377,2000.19,24729,51824,1940,870,2843,1594,1249,7116,617747,14312,17109,587898,0,162,0,0,638,0,0,52792,0,0,-9.86,0,0,0,767677,62,0,1916,0
2022-07-09,USA,58149,357,2443.22,23104,35627,1891,877,1828,1235,593,7699,630977,7916,13179,510450,0,148,0,0,401,0,0,66956,0,0,-10,0,0,0,798159,57,0,1846,0
2022-07-10,USA,58761,378,1803.660005,21937,31942,2012,859,1820,1600,220,7986,1019615,7832,14591,608674,0,155,0,0,293,0,0,80783,0,0,-10.29,0,0,0,864034,52,0,1747,0
2022-07-11,USA,71885,430,2731.19,23779,51589,2257,959,2964,2093,871,7897,1159259,12023,17002,785769,0,204,0,0,934,0,0,193412,0,0,-8.71,0,0,0,993147,40,0,1808,0
2022-07-12,USA,70251,446,2844.26,26761,58775,2244,997,2541,2109,432,7487,1596623,14236,19674,744514,0,190,0,0,474,0,0,117549,0,0,-8.57,0,0,0,894340,47,0,1615,0
2022-07-13,USA,67837,433,2132.21,31768,51331,2164,919,3354,1963,1391,7334,2053808,10301,19273,716850,14023,182,0,0,372,0,0,87394,0,0,-8.43,0,0,0,800367,24,0,1002,0
2022-07-14,USA,67552,396,1902.24,32091,49956,2114,871,2615,1810,805,8237,1803548,6872,20195,634497,14781,174,0,0,554,0,0,103764,0,0,-8.57,0,0,0,893847,34,0,1050,0
2022-07-15,USA,71425,424,2039.9,30122,54319,2253,1017,1924,1659,265,7226,1349068,6480,21188,601582,20703,207,0,0,806,0,0,100816,0,0,-8.71,0,0,0,1023278,47,0,1164,0
2022-07-16,USA,72665,436,1811.79,30634,37247,2115,1052,2237,1148,1089,7743,1594861,4903,20817,553444,19463,184,0,0,645,0,0,134378,0,0,-8.71,0,0,0,999341,39,0,1077,0
2022-07-17,USA,68465,417,1696.96,31904,31352,2044,966,2189,1352,837,9249,1933814,4761,23592,602243,14840,198,0,0,242,0,0,114614,0,0,-8.86,0,0,0,1013524,40,0,1157,0
2022-07-18,USA,70255,441,2380.970001,37385,53764,2294,1151,2985,1868,1117,7959,2860212,11409,28124,663982,19072,216,0,0,713,0,0,79542,0,0,-9,0,0,0,1116820,59,0,1283,0
2022-07-19,USA,77086,455,2245.08,49772,58514,2245,1216,3242,2149,1093,7867,2201866,17935,31984,655856,9415,208,0,0,417,0,0,45132,0,0,-9,0,0,0,1115071,90,0,1293,0
2022-07-20,USA,66891,385,2117.01,52234,53648,2265,1107,2863,1901,962,7597,1625147,14039,31113,630574,0,239,0,0,239,0,0,51242,0,0,-9,0,0,0,841356,62,0,1177,0
2022-07-21,USA,64244,394,2249.119999,55936,61837,2523,1074,2424,1941,483,7144,2411933,10134,26185,623096,0,178,0,0,563,0,0,89792,0,0,-9,0,0,0,858615,79,0,11530,0
2022-07-22,USA,59989,371,2175.18,51820,59265,2301,1047,2708,1746,962,7017,2314870,9337,24335,588616,0,181,0,0,465,0,0,45113,0,0,-8.86,0,0,0,856182,61,0,32980,0
2022-07-23,USA,63245,361,2248.14,51176,43284,2240,886,1738,1237,501,6843,3034657,7872,22732,478992,0,155,0,0,390,0,0,81820,0,0,-8.86,0,0,0,808531,72,0,30819,0
2022-07-24,USA,62719,377,1462.850002,47606,40616,2280,1055,1387,1172,215,8459,6543007,9040,23682,491091,0,150,0,0,228,0,0,101257,0,0,-8.86,0,0,0,883743,80,0,51279,0
2022-07-25,USA,75975,442,2436.54,47898,134689,2606,1187,3407,1930,1477,9387,9425589,13897,22805,546318,0,204,0,0,200,0,0,83580,0,0,-8.86,0,0,0,1022522,78,0,67317,0
2022-07-26,USA,64862,389,2440.91,49135,154196,2402,1144,2830,2056,774,9795,8196170,21739,20465,561974,0,180,0,0,412,0,0,59573,0,0,-8.71,0,0,0,967432,52,0,64953,0
2022-07-27,USA,60588,347,2091.88,58956,130868,2256,1110,2396,2135,261,10310,8232322,17256,17155,561461,0,146,0,0,295,0,0,62397,0,0,-8.57,0,0,0,842776,74,0,51866,0
2022-07-28,USA,64889,376,2435.54,52693,109105,2197,1022,2636,1918,718,10165,6880899,21710,16020,493736,0,187,0,0,467,0,0,52316,0,0,-8.29,0,0,0,827916,74,0,45235,0
2022-07-29,USA,70862,419,2687.92,68624,122229,2020,894,1976,1516,460,7978,3840906,19435,15501,555075,0,170,0,0,536,0,0,57882,0,0,-8,0,0,0,713554,73,0,45296,0
2022-07-30,USA,59382,342,2564.95,65936,75131,1999,847,2083,1176,907,10263,3572396,11890,12718,520118,0,156,0,0,537,0,0,55571,0,0,-7.71,0,0,0,691272,57,0,45162,0
2022-07-31,USA,53024,325,1841.24,69264,50477,1916,938,1716,1228,488,7715,2667791,17906,15012,569693,0,139,0,0,322,0,0,46992,0,0,-7.43,0,0,0,684390,31,0,53220,0
2022-08-01,USA,73956,444,2536.99,63956,35393,2214,1096,2686,1745,941,11419,4650651,17673,20737,658102,0,162,0,0,1396,0,0,60477,0,0,-6.86,0,0,0,738762,71,0,74517,0
2022-08-02,USA,64032,388,2219.07,55555,33781,2110,1107,2576,2059,517,9260,3537980,20394,23093,730655,0,206,0,0,580,0,0,80932,0,0,-6.57,0,0,0,779625,63,0,72460,0
2022-08-03,USA,69827,418,2324.15,52070,33173,2264,999,2782,1857,925,8377,2952955,24457,24123,650420,0,210,0,0,284,0,0,68172,0,0,-6.29,0,0,0,749778,64,0,71834,0
2022-08-04,USA,74375,420,2256.36,41528,37961,2084,1053,2410,1711,699,8317,1299228,20941,27732,599360,0,203,0,0,381,0,0,70509,0,0,-6.14,0,0,0,731696,73,0,70728,0
2022-08-05,USA,63542,369,1994.05,41492,36058,2058,1002,2479,1639,840,8535,1544765,19846,22509,607671,0,165,0,0,333,0,0,76081,0,0,-6.14,0,0,0,779808,39,0,73159,0
2022-08-06,USA,59013,354,2036,36597,30052,1957,1002,2128,1287,841,8527,3662853,16399,18339,614022,0,138,0,0,423,0,0,102633,0,0,-6.14,0,0,0,732225,59,0,71809,0
2022-08-07,USA,52729,330,1766.59,35703,30860,1985,1044,1446,1223,223,8386,3192700,23036,22531,625700,0,152,0,0,142,0,0,62112,0,0,-6.14,0,0,0,725074,57,0,62897,0
2022-08-08,USA,61760,371,2403.260001,41918,50983,1997,1103,3375,2062,1313,8225,216163,16154,24402,739165,0,184,0,0,1185,0,0,47753,0,0,-6.43,0,0,0,690897,54,0,49163,0
2022-08-09,USA,62021,336,3309.65,39457,46290,2015,1114,2982,2161,821,7650,2576662,13703,23273,788564,0,181,0,0,1339,0,0,57689,0,0,-6.71,0,0,0,475677,48,0,22517,0
