Date,Date_1,Region,App_Install,TikTok_Install,TikTok_AEO,Google_UAC_Install,Google_UAC_AEO,Unity_Install,Unity_ROAS,IronSource_Install,Vungle_Roas,Vungle_Other,Applovin_AEO,Applovin_Install,Applovin_Roas,Chart_Boost_Roas,AppleSearch_Install,AppleSearch_Roas,Liftoff_Other,Moloco_Roas,Appier_Install,Kyawake_Other,Mobupps_AEO,Facebook_AEO,Facebook_INSTALL,Facebook_ROAS,New_content,Bug_fix,In_game_event
2021-01-01,01-01-2021,US,187,0,0,0,0,0,0,0,0,0,0,0,0,0,0,0,0,0,0,0,0,31,0,0,0,0,0
2021-01-02,01-02-2021,US,224,0,0,0,0,0,0,0,0,0,0,0,0,0,0,0,0,0,0,0,0,29,0,0,0,0,0
2021-01-03,01-03-2021,US,225,0,0,0,0,0,0,0,0,0,0,0,0,0,0,0,0,0,0,0,0,33,0,0,0,0,0
2021-01-04,01-04-2021,US,235,0,0,0,0,0,0,0,0,0,0,0,0,0,0,0,0,0,0,0,0,33,0,0,0,0,0
2021-01-05,01-05-2021,US,215,0,0,0,0,0,0,0,0,0,0,0,0,0,0,0,0,0,0,0,0,33,0,0,0,0,0
2021-01-06,01-06-2021,US,177,0,0,0,0,0,0,0,0,0,0,0,0,0,0,0,0,0,0,0,0,34,0,0,0,0,0
2021-01-07,01-07-2021,US,186,0,0,0,0,0,0,0,0,0,0,0,0,0,0,0,0,0,0,0,0,31,0,0,1,0,0
2021-01-08,01-08-2021,US,202,0,0,0,0,0,0,0,0,0,0,0,0,0,0,0,0,0,0,0,0,33,0,0,0,0,0
2021-01-09,01-09-2021,US,153,0,0,0,0,0,0,0,0,0,0,0,0,0,0,0,0,0,0,0,0,39,0,0,0,0,0
2021-01-10,01-10-2021,US,194,0,0,0,0,0,0,0,0,0,0,0,0,0,0,0,0,0,0,0,0,27,0,0,0,0,0
2021-01-11,01-11-2021,US,151,0,0,0,0,0,0,0,0,0,0,0,0,0,0,0,0,0,0,0,0,23,0,0,0,0,0
2021-01-12,01-12-2021,US,150,0,0,0,0,0,0,0,0,0,0,0,0,0,0,0,0,0,0,0,0,23,0,0,0,0,0
2021-01-13,1/13/2021,US,193,0,0,0,0,0,0,0,0,0,0,0,0,0,0,0,0,0,0,0,0,22,0,0,0,0,0
2021-01-14,1/14/2021,US,169,0,0,0,0,0,0,0,0,0,0,0,0,0,0,0,0,0,0,0,0,24,0,0,0,0,0
2021-01-15,1/15/2021,US,153,0,0,0,0,0,0,0,0,0,0,0,0,0,0,0,0,0,0,0,0,24,0,0,0,0,0
2021-01-16,1/16/2021,US,141,0,0,0,0,0,0,0,0,0,0,0,0,0,0,0,0,0,0,0,0,28,0,0,0,0,0
2021-01-17,1/17/2021,US,242,0,0,0,0,0,0,0,0,0,0,0,0,0,0,0,0,0,0,0,0,31,0,0,0,0,0
2021-01-18,1/18/2021,US,591,0,0,0,0,0,0,0,0,0,0,0,0,0,0,0,0,0,0,0,0,41,26,0,1,0,0
2021-01-19,1/19/2021,US,552,0,0,0,0,0,0,0,0,0,0,0,0,0,0,0,0,0,0,0,0,46,28,0,1,0,0
2021-01-20,1/20/2021,US,491,0,0,0,0,0,0,0,0,0,0,0,0,0,0,0,0,0,0,0,0,49,28,0,0,0,0
2021-01-21,1/21/2021,US,562,0,0,0,0,0,0,0,0,0,0,0,0,0,0,0,0,0,0,0,0,40,27,0,1,0,0
2021-01-22,1/22/2021,US,530,0,0,0,0,0,0,0,0,0,0,0,0,0,0,0,0,0,0,0,0,41,27,0,0,0,0
2021-01-23,1/23/2021,US,624,0,0,0,0,0,0,0,0,0,0,0,0,0,0,0,0,0,0,0,0,42,28,0,0,0,0
2021-01-24,1/24/2021,US,612,0,0,0,0,0,0,0,0,0,0,0,0,0,0,0,0,0,0,0,0,41,26,0,0,0,0
2021-01-25,1/25/2021,US,538,0,0,0,0,0,0,0,0,0,0,0,0,0,0,0,0,0,0,0,0,33,25,0,0,0,0
2021-01-26,1/26/2021,US,554,0,0,0,0,0,0,0,0,0,0,0,0,0,0,0,0,0,0,0,0,43,26,0,1,1,0
2021-01-27,1/27/2021,US,580,0,0,0,0,0,0,0,0,0,0,0,0,0,0,0,0,0,0,0,0,46,24,0,0,0,0
2021-01-28,1/28/2021,US,547,0,0,0,0,0,0,0,0,0,0,0,0,0,0,0,0,0,0,0,0,44,24,0,0,0,0
2021-01-29,1/29/2021,US,555,0,0,0,0,0,0,0,0,0,0,0,0,0,0,0,0,0,0,0,0,43,25,0,0,0,0
2021-01-30,1/30/2021,US,580,0,0,0,0,0,0,0,0,0,0,0,0,0,0,0,0,0,0,0,0,45,25,0,0,0,0
2021-01-31,1/31/2021,US,593,0,0,0,0,0,0,0,0,0,0,0,0,0,0,0,0,0,0,0,0,43,23,0,0,0,0
2021-02-01,02-01-2021,US,556,0,0,0,0,0,0,0,0,0,0,0,0,0,0,0,0,0,0,0,0,43,26,0,0,0,0
2021-02-02,02-02-2021,US,584,0,0,0,0,0,0,0,0,0,0,0,0,0,0,0,0,0,0,0,0,51,36,0,0,0,0
2021-02-03,02-03-2021,US,608,0,0,0,0,0,0,0,0,0,0,0,0,0,0,0,0,0,0,0,0,45,34,0,0,0,0
2021-02-04,02-04-2021,US,599,0,0,0,0,0,0,0,0,0,0,0,0,0,0,0,0,0,0,0,0,46,31,0,0,0,0
2021-02-05,02-05-2021,US,560,0,0,0,0,0,0,0,0,0,0,0,0,0,0,0,0,0,0,0,0,50,31,0,1,0,0
2021-02-06,02-06-2021,US,618,0,0,0,0,0,0,0,0,0,0,0,0,0,0,0,0,0,0,0,0,42,31,0,0,0,0
2021-02-07,02-07-2021,US,661,0,0,0,0,0,0,0,0,0,0,0,0,0,0,0,0,0,0,0,0,46,33,0,0,0,0
2021-02-08,02-08-2021,US,637,0,0,0,0,0,0,0,0,0,0,0,0,0,0,0,0,0,0,0,0,52,31,0,1,0,0
2021-02-09,02-09-2021,US,574,0,0,0,0,0,0,0,0,0,0,0,0,0,0,0,0,0,0,0,0,51,31,0,0,0,0
2021-02-10,02-10-2021,US,530,0,0,0,0,0,0,0,0,0,0,0,0,0,0,0,0,0,0,0,0,50,32,0,0,0,0
2021-02-11,02-11-2021,US,501,0,0,0,0,0,0,0,0,0,0,0,0,0,0,0,0,0,0,0,0,53,34,0,0,0,0
2021-02-12,02-12-2021,US,565,0,0,0,0,0,0,0,0,0,0,0,0,0,0,0,0,0,0,0,0,48,35,0,0,0,0
2021-02-13,2/13/2021,US,511,0,0,0,0,0,0,0,0,0,0,0,0,0,0,0,0,0,0,0,0,55,35,0,1,0,0
2021-02-14,2/14/2021,US,567,0,0,0,0,0,0,0,0,0,0,0,0,0,0,0,0,0,0,0,0,57,37,0,0,0,0
2021-02-15,2/15/2021,US,645,0,0,0,0,0,0,0,0,0,0,0,0,0,0,0,0,0,0,0,0,54,36,0,0,0,0
2021-02-16,2/16/2021,US,587,0,0,0,0,0,0,0,0,0,0,0,0,0,0,0,0,0,0,0,0,61,38,0,0,0,0
2021-02-17,2/17/2021,US,506,0,0,0,0,0,0,0,0,0,0,0,0,0,0,0,0,0,0,0,0,70,37,0,1,0,0
2021-02-18,2/18/2021,US,550,0,0,0,0,0,0,0,0,0,0,0,0,0,0,0,0,0,0,0,0,47,33,0,0,0,0
2021-02-19,2/19/2021,US,546,0,0,0,0,0,0,0,0,0,0,0,0,0,0,0,0,0,0,0,0,42,30,0,1,0,0
2021-02-20,2/20/2021,US,523,0,0,0,0,0,0,0,0,0,0,0,0,0,0,0,0,0,0,0,0,58,32,0,0,0,0
2021-02-21,2/21/2021,US,581,0,0,0,0,0,0,0,0,0,0,0,0,0,0,0,0,0,0,0,0,47,31,0,0,0,0
2021-02-22,2/22/2021,US,527,0,0,0,0,0,0,0,0,0,0,0,0,0,0,0,0,0,0,0,0,38,28,0,1,0,0
2021-02-23,2/23/2021,US,623,0,0,0,0,0,0,0,0,0,0,0,0,0,0,0,0,0,0,0,0,51,26,0,0,0,0
2021-02-24,2/24/2021,US,526,0,0,0,0,0,0,0,0,0,0,0,0,0,0,0,0,0,0,0,0,40,29,0,0,0,0
2021-02-25,2/25/2021,US,490,0,0,0,0,0,0,0,0,0,0,0,0,0,0,0,0,0,0,0,0,37,27,0,0,0,0
2021-02-26,2/26/2021,US,485,0,0,0,0,0,0,0,0,0,0,0,0,0,0,0,0,0,0,0,0,48,27,0,1,0,0
2021-02-27,2/27/2021,US,485,0,0,0,0,0,0,0,0,0,0,0,0,0,0,0,0,0,0,0,0,48,29,0,0,0,0
2021-02-28,2/28/2021,US,563,0,0,0,0,0,0,0,0,0,0,0,0,0,0,0,0,0,0,0,0,49,30,0,0,0,0
2021-03-01,03-01-2021,US,498,0,0,0,0,0,0,0,0,0,0,0,0,0,0,0,0,0,0,0,0,56,29,0,0,0,0
2021-03-02,03-02-2021,US,473,0,0,0,0,0,0,0,0,0,0,0,0,0,0,0,0,0,0,0,0,64,33,0,0,0,0
2021-03-03,03-03-2021,US,479,0,0,0,0,0,0,0,0,0,0,0,0,0,0,0,0,0,0,0,0,56,29,0,0,0,0
2021-03-04,03-04-2021,US,488,0,0,0,0,0,0,0,0,0,0,0,0,0,0,0,0,0,0,0,0,42,26,0,0,0,0
2021-03-05,03-05-2021,US,594,0,0,0,0,0,0,0,0,0,0,0,0,0,0,0,0,0,0,0,0,67,33,0,1,0,0
2021-03-06,03-06-2021,US,568,0,0,0,0,0,0,0,0,0,0,0,0,0,0,0,0,0,0,0,0,67,33,0,0,0,0
2021-03-07,03-07-2021,US,630,0,0,0,0,0,0,0,0,0,0,0,0,0,0,0,0,0,0,0,0,69,31,0,0,0,0
2021-03-08,03-08-2021,US,551,0,0,0,0,0,0,0,0,0,0,0,0,0,0,0,0,0,0,0,0,71,31,0,0,0,0
2021-03-09,03-09-2021,US,673,0,0,0,0,0,0,0,0,0,0,0,0,0,0,0,0,0,0,0,0,76,43,0,0,0,0
2021-03-10,03-10-2021,US,640,0,0,0,0,0,0,0,0,0,0,0,0,0,0,0,0,0,0,0,0,89,46,0,0,0,0
2021-03-11,03-11-2021,US,587,0,0,0,0,0,0,0,0,0,0,0,0,0,0,0,0,0,0,0,0,87,43,0,0,0,0
2021-03-12,03-12-2021,US,572,0,0,0,0,0,0,0,0,0,0,0,0,0,0,0,0,0,0,0,0,77,40,0,0,0,0
2021-03-13,3/13/2021,US,596,0,0,0,0,0,0,0,0,0,0,0,0,0,0,0,0,0,0,0,0,69,41,0,0,0,0
2021-03-14,3/14/2021,US,680,0,0,0,0,0,0,0,0,0,0,0,0,0,0,0,0,0,0,0,0,60,40,0,0,0,0
2021-03-15,3/15/2021,US,629,0,0,0,0,0,0,0,0,0,0,0,0,0,0,0,0,0,0,0,0,65,43,0,0,0,0
2021-03-16,3/16/2021,US,653,0,0,0,0,0,0,0,0,0,0,0,0,0,0,0,0,0,0,0,0,73,40,0,1,0,0
2021-03-17,3/17/2021,US,572,0,0,0,0,0,0,0,0,0,0,0,0,0,0,0,0,0,0,0,0,81,41,0,0,0,0
2021-03-18,3/18/2021,US,587,0,0,0,0,0,0,0,0,0,0,0,0,0,0,0,0,0,0,0,0,83,41,0,1,0,0
2021-03-19,3/19/2021,US,508,0,0,0,0,0,0,0,0,0,0,0,0,0,0,0,0,0,0,0,0,71,40,0,0,0,0
2021-03-20,3/20/2021,US,487,0,0,0,0,0,0,0,0,0,0,0,0,0,0,0,0,0,0,0,0,70,36,0,0,0,0
2021-03-21,3/21/2021,US,507,0,0,0,0,0,0,0,0,0,0,0,0,0,0,0,0,0,0,0,0,70,38,0,0,0,0
2021-03-22,3/22/2021,US,453,0,0,0,0,0,0,0,0,0,0,0,0,0,0,0,0,0,0,0,0,66,39,6,0,0,0
2021-03-23,3/23/2021,US,544,0,0,0,0,0,0,0,0,0,0,0,0,0,0,0,0,0,0,0,0,55,51,5,0,0,0
2021-03-24,3/24/2021,US,543,0,0,0,0,0,0,0,0,0,0,0,0,0,0,0,0,0,0,0,0,54,39,0,0,0,0
2021-03-25,3/25/2021,US,496,0,0,0,0,0,0,0,0,0,0,0,0,0,0,0,0,0,0,0,0,49,37,0,0,0,0
2021-03-26,3/26/2021,US,536,0,0,0,0,0,0,0,0,0,0,0,0,0,0,0,0,0,0,0,0,57,45,0,0,0,0
2021-03-27,3/27/2021,US,505,0,0,0,0,0,0,0,0,0,0,0,0,0,0,0,0,0,0,0,0,51,45,0,0,0,0
2021-03-28,3/28/2021,US,568,0,0,0,0,0,0,0,0,0,0,0,0,0,0,0,0,0,0,0,0,52,49,0,0,0,0
2021-03-29,3/29/2021,US,521,0,0,0,0,0,0,0,0,0,0,0,0,0,0,0,0,0,0,0,0,54,44,0,0,0,0
2021-03-30,3/30/2021,US,506,0,0,0,0,0,0,0,0,0,0,0,0,0,0,0,0,0,0,0,0,49,41,0,1,0,0
2021-03-31,3/31/2021,US,750,0,0,0,0,0,0,0,0,0,0,0,0,0,0,0,0,0,0,0,0,108,69,0,1,0,0
2021-04-01,04-01-2021,US,794,0,0,35,218,0,0,0,0,0,0,0,0,0,0,0,0,0,0,0,0,109,76,0,0,0,0
2021-04-02,04-02-2021,US,834,0,0,24,85,1,0,0,0,0,0,0,0,0,0,0,0,0,0,0,0,112,74,0,1,0,0
2021-04-03,04-03-2021,US,908,0,0,1,174,1,0,0,0,0,0,0,0,0,0,0,0,0,0,0,0,114,98,0,0,0,0
2021-04-04,04-04-2021,US,962,0,0,0,62,2,0,0,0,0,0,0,0,0,0,0,0,0,0,0,0,120,106,0,0,0,0
2021-04-05,04-05-2021,US,1043,0,0,0,80,2,0,0,0,0,0,0,0,0,0,0,0,0,0,0,0,119,96,0,0,0,0
2021-04-06,04-06-2021,US,953,0,0,1,437,1,0,0,0,0,0,0,0,0,0,0,0,0,0,0,0,155,94,0,1,0,0
2021-04-07,04-07-2021,US,873,0,0,20,275,0,0,0,0,0,0,0,0,0,0,0,0,0,0,0,0,139,85,0,0,0,0
2021-04-08,04-08-2021,US,835,0,0,20,225,0,0,0,0,0,0,0,0,0,0,0,0,0,0,0,0,120,88,0,0,0,0
2021-04-09,04-09-2021,US,851,0,0,16,138,0,0,0,0,0,0,0,0,0,0,0,0,0,0,0,0,129,73,0,0,0,0
2021-04-10,04-10-2021,US,825,0,0,2,10,0,0,0,0,0,0,0,0,0,0,0,0,0,0,0,0,167,75,0,0,0,0
2021-04-11,04-11-2021,US,861,0,0,1,3,1,0,0,0,0,0,0,0,0,0,0,0,0,0,0,0,153,70,0,0,0,0
2021-04-12,04-12-2021,US,966,0,0,0,1,10,0,0,0,0,0,0,0,0,0,0,0,0,0,0,0,170,77,0,1,0,0
2021-04-13,4/13/2021,US,1118,0,0,0,1,13,0,0,0,0,0,0,0,0,0,0,0,0,0,0,0,200,71,0,0,0,0
2021-04-14,4/14/2021,US,940,0,0,1,1,16,0,0,0,0,0,0,0,0,0,0,0,0,0,0,0,187,66,0,0,0,0
2021-04-15,4/15/2021,US,961,0,0,13,16,15,0,0,0,0,0,0,0,0,0,0,0,0,0,0,0,191,53,0,0,0,0
2021-04-16,4/16/2021,US,886,0,0,18,6,16,0,0,0,0,0,0,0,0,0,0,0,0,0,0,0,194,40,0,0,0,0
2021-04-17,4/17/2021,US,790,0,0,28,14,16,0,0,0,0,0,0,0,0,0,0,0,0,0,0,0,149,33,0,0,0,0
2021-04-18,4/18/2021,US,835,0,0,28,2,17,0,0,0,0,0,0,0,0,0,0,0,0,0,0,0,152,35,0,0,0,0
2021-04-19,4/19/2021,US,912,0,0,130,2,15,0,0,0,0,0,0,0,0,0,0,0,0,0,0,0,167,39,0,0,0,0
2021-04-20,4/20/2021,US,879,0,0,198,3,15,0,0,0,0,0,0,0,0,0,0,0,0,0,0,0,209,64,0,0,0,0
2021-04-21,4/21/2021,US,848,0,0,22,24,16,0,0,0,0,0,0,0,0,0,0,0,0,0,0,0,148,57,0,0,0,0
2021-04-22,4/22/2021,US,1093,0,0,25,25,28,0,0,0,0,0,0,0,0,0,0,0,0,0,0,0,119,36,0,1,0,0
2021-04-23,4/23/2021,US,1227,0,0,17,25,31,0,0,0,0,0,0,0,0,0,0,0,0,0,0,0,196,85,0,1,0,0
2021-04-24,4/24/2021,US,1250,0,0,15,4,33,0,0,0,0,0,0,0,0,0,0,0,0,0,0,0,187,81,5,0,0,0
2021-04-25,4/25/2021,US,1380,0,0,14,18,32,0,0,0,0,0,0,0,0,0,0,0,0,0,0,0,193,78,7,0,0,0
2021-04-26,4/26/2021,US,1349,0,0,16,18,31,0,0,0,0,0,0,0,0,0,0,0,0,0,0,0,201,78,8,1,0,0
2021-04-27,4/27/2021,US,1322,0,0,17,16,32,0,0,0,0,0,0,0,0,0,0,0,0,0,0,0,198,73,9,0,0,0
2021-04-28,4/28/2021,US,1161,0,0,7,6,33,0,0,0,0,0,0,0,0,0,0,0,0,0,0,0,184,64,9,0,0,0
2021-04-29,4/29/2021,US,1166,0,0,6,19,36,0,0,0,0,0,0,0,0,0,0,0,0,0,0,0,176,63,8,1,0,0
2021-04-30,4/30/2021,US,870,0,0,0,17,24,0,0,0,0,0,0,0,0,0,0,0,0,0,0,0,133,52,7,1,0,0
2021-05-01,05-01-2021,US,757,0,0,0,10,21,0,0,0,0,0,0,0,0,0,0,0,0,0,0,0,95,40,9,0,0,0
2021-05-02,05-02-2021,US,852,0,0,0,7,21,0,0,0,0,0,0,0,0,0,0,0,0,0,0,0,88,42,9,0,0,0
2021-05-03,05-03-2021,US,795,0,0,0,6,21,0,0,0,0,0,0,0,0,0,0,0,0,0,0,0,85,42,11,0,0,0
2021-05-04,05-04-2021,US,767,0,0,0,15,22,0,0,0,0,0,0,0,0,0,0,1166,0,0,0,0,79,27,11,0,0,0
2021-05-05,05-05-2021,US,716,0,0,0,11,24,0,0,0,0,0,0,0,0,0,0,329,0,0,0,0,86,25,12,0,0,0
2021-05-06,05-06-2021,US,710,0,0,0,5,22,0,0,0,0,0,0,0,0,0,0,51,0,0,0,0,71,26,18,0,0,0
2021-05-07,05-07-2021,US,639,0,0,0,3,21,0,0,0,0,0,0,0,0,0,0,40,0,0,0,0,67,30,16,0,0,0
2021-05-08,05-08-2021,US,799,0,0,0,20,19,0,0,0,0,0,0,0,0,0,0,35,0,0,0,0,73,32,19,1,0,0
2021-05-09,05-09-2021,US,759,0,0,0,12,20,0,0,0,0,0,0,0,0,0,0,75,0,0,0,0,61,36,9,0,0,0
2021-05-10,05-10-2021,US,802,0,0,0,11,20,0,0,0,0,0,0,0,0,0,0,88,0,0,0,0,88,34,22,0,0,0
2021-05-11,05-11-2021,US,870,0,0,0,11,21,0,0,0,0,0,0,0,0,0,0,99,0,0,0,0,107,39,24,0,0,0
2021-05-12,05-12-2021,US,747,0,0,0,10,20,0,0,0,0,0,0,0,0,0,0,85,0,0,0,0,81,3,29,0,0,0
2021-05-13,5/13/2021,US,682,0,0,0,7,20,0,0,0,0,0,0,0,0,0,0,45,0,0,0,0,52,17,41,1,0,0
2021-05-14,5/14/2021,US,687,0,0,0,11,21,0,0,0,0,0,0,0,0,1,0,38,0,0,0,0,58,24,48,0,0,0
2021-05-15,5/15/2021,US,698,0,0,0,12,20,0,0,0,0,0,0,0,0,1,0,68,0,0,0,0,51,15,48,0,0,0
2021-05-16,5/16/2021,US,735,0,0,0,7,21,0,0,0,0,0,0,0,0,2,0,78,0,0,0,0,52,17,48,0,0,0
2021-05-17,5/17/2021,US,715,0,0,0,10,21,0,0,0,0,0,0,0,0,2,0,56,0,0,0,0,34,23,48,0,0,0
2021-05-18,5/18/2021,US,655,0,0,0,9,22,0,0,0,0,0,0,0,0,1,0,39,0,0,0,0,30,15,45,0,0,0
2021-05-19,5/19/2021,US,569,0,0,0,11,14,11,0,0,0,0,0,0,0,1,0,28,0,0,0,0,28,18,41,0,0,0
2021-05-20,5/20/2021,US,578,0,0,0,8,0,8,0,0,0,0,0,0,0,2,0,33,0,0,0,0,27,24,45,1,1,0
2021-05-21,5/21/2021,US,533,0,0,0,10,0,1,0,0,0,0,0,0,0,1,0,26,0,0,0,0,26,24,46,0,0,0
2021-05-22,5/22/2021,US,541,0,0,0,9,0,1,0,0,0,0,0,0,0,2,0,24,0,0,0,0,25,25,50,0,0,0
2021-05-23,5/23/2021,US,557,0,0,0,9,0,2,0,0,0,0,0,0,0,1,0,24,0,0,0,0,23,19,44,0,0,0
2021-05-24,5/24/2021,US,512,0,0,0,10,0,0,0,0,0,0,0,0,0,1,0,23,0,0,0,0,26,22,44,0,0,0
2021-05-25,5/25/2021,US,543,0,0,0,7,0,0,0,0,0,0,0,0,0,2,0,23,0,0,0,0,27,28,45,0,0,0
2021-05-26,5/26/2021,US,587,0,0,0,3,0,1,0,0,0,0,0,0,0,3,0,21,0,0,0,0,21,31,42,0,0,0
2021-05-27,5/27/2021,US,632,0,0,0,8,0,6,0,0,0,0,0,0,0,3,0,23,0,0,0,0,25,26,50,0,0,0
2021-05-28,5/28/2021,US,615,0,0,0,12,0,6,0,0,0,0,0,0,0,2,0,23,0,0,0,0,21,30,54,0,0,0
2021-05-29,5/29/2021,US,632,0,0,0,8,0,7,0,0,0,0,0,0,0,2,0,22,0,0,0,0,20,26,61,0,0,0
2021-05-30,5/30/2021,US,662,0,0,0,8,0,7,0,0,0,0,0,0,0,2,0,23,0,0,0,0,22,28,62,0,0,0
2021-05-31,5/31/2021,US,724,0,0,0,5,0,8,0,0,0,0,0,0,0,2,0,21,0,0,0,0,23,33,66,0,0,0
2021-06-01,06-01-2021,US,814,0,0,0,5,0,28,0,0,0,0,0,0,0,2,0,19,0,0,0,0,2,36,65,1,0,0
2021-06-02,06-02-2021,US,740,0,0,0,4,0,20,0,0,0,0,0,0,0,1,0,19,0,0,0,0,2,32,57,1,1,0
2021-06-03,06-03-2021,US,797,0,0,0,16,0,19,0,0,0,0,0,0,0,0,0,15,0,0,0,0,2,37,56,1,0,0
2021-06-04,06-04-2021,US,589,0,0,0,9,0,18,0,0,0,0,0,0,0,0,0,20,0,0,0,0,1,35,56,1,0,0
2021-06-05,06-05-2021,US,614,0,0,0,16,0,6,0,0,0,0,0,0,0,0,0,19,0,0,0,0,1,34,56,0,0,0
2021-06-06,06-06-2021,US,661,0,0,0,11,0,6,0,0,0,0,0,0,0,0,0,20,0,0,0,0,1,35,52,0,0,0
2021-06-07,06-07-2021,US,571,0,0,0,16,0,10,0,0,0,0,0,0,0,0,0,21,0,0,0,0,2,33,52,0,0,0
2021-06-08,06-08-2021,US,627,0,0,0,17,0,11,0,0,0,0,0,0,0,0,0,26,0,0,0,0,2,31,53,0,0,0
2021-06-09,06-09-2021,US,541,0,0,0,7,0,20,0,0,0,0,0,0,0,0,0,27,0,0,0,0,2,28,58,0,0,0
2021-06-10,06-10-2021,US,543,0,0,0,20,0,5,0,0,0,0,0,0,0,0,0,25,0,0,0,0,3,28,61,1,0,0
2021-06-11,06-11-2021,US,544,0,0,0,6,0,4,0,0,0,0,0,0,0,0,0,24,0,0,0,0,4,33,62,0,0,0
2021-06-12,06-12-2021,US,667,0,0,0,26,0,6,0,0,0,0,0,0,0,0,0,24,0,0,0,0,4,35,64,0,0,0
2021-06-13,6/13/2021,US,640,0,0,0,16,0,6,0,0,0,0,0,0,0,0,0,25,0,0,0,0,3,37,58,0,0,0
2021-06-14,6/14/2021,US,645,0,0,0,22,0,7,0,0,0,0,0,0,0,0,0,24,0,0,0,0,3,34,64,0,0,0
2021-06-15,6/15/2021,US,793,0,0,0,14,15,8,0,0,0,0,0,0,0,0,0,24,0,0,0,0,3,33,71,0,0,0
2021-06-16,6/16/2021,US,795,0,0,0,15,16,9,0,0,0,0,0,0,0,0,0,26,0,0,0,0,2,41,61,0,0,0
2021-06-17,6/17/2021,US,872,0,0,0,18,20,17,0,0,0,0,0,0,0,0,0,25,0,0,0,0,2,37,52,1,0,0
2021-06-18,6/18/2021,US,841,0,0,0,10,18,21,0,0,0,0,0,0,0,0,0,20,0,0,0,0,2,26,63,0,0,0
2021-06-19,6/19/2021,US,701,0,0,0,8,14,11,0,0,0,0,0,0,0,0,0,26,0,0,0,0,1,25,67,0,0,0
2021-06-20,6/20/2021,US,739,0,0,0,12,18,9,0,0,0,0,0,0,0,0,0,21,0,0,0,0,2,28,70,0,0,0
2021-06-21,6/21/2021,US,798,0,0,0,12,19,14,0,0,0,0,0,0,0,0,0,19,0,0,0,0,2,31,69,0,0,0
2021-06-22,6/22/2021,US,840,0,0,0,13,19,15,0,0,0,0,0,0,0,0,0,17,0,0,0,0,2,29,70,0,0,0
2021-06-23,6/23/2021,US,790,0,0,0,11,20,4,0,0,0,0,0,0,0,0,0,20,0,0,0,0,1,35,126,0,0,0
2021-06-24,6/24/2021,US,819,0,0,0,10,19,3,0,0,0,0,0,0,0,0,0,35,0,0,0,0,2,34,122,0,0,0
2021-06-25,6/25/2021,US,837,0,0,0,8,18,8,0,0,0,0,0,0,0,0,0,32,0,0,0,0,2,33,129,1,0,0
2021-06-26,6/26/2021,US,954,0,0,0,10,17,15,0,0,0,0,0,0,0,0,0,27,0,0,0,0,1,9,134,0,0,0
2021-06-27,6/27/2021,US,920,0,0,0,9,19,22,0,0,0,0,0,0,0,0,0,31,0,0,0,0,1,9,127,0,0,0
2021-06-28,6/28/2021,US,1076,0,0,0,9,19,36,0,0,0,0,0,0,0,0,0,49,0,0,0,0,3,7,119,0,0,0
2021-06-29,6/29/2021,US,1160,0,0,0,10,19,56,0,0,0,0,0,0,0,0,0,43,0,0,0,0,3,9,130,0,0,0
2021-06-30,6/30/2021,US,1207,0,0,0,10,22,26,0,0,0,0,0,0,0,0,0,49,0,0,0,0,4,8,144,1,0,0
2021-07-01,07-01-2021,US,1297,0,0,0,15,21,48,0,0,0,0,0,0,0,0,0,64,0,0,0,0,4,8,159,0,0,0
2021-07-02,07-02-2021,US,949,0,0,0,16,20,23,0,0,0,0,0,0,0,0,0,56,0,0,0,0,4,8,174,0,0,0
2021-07-03,07-03-2021,US,1209,0,0,0,17,22,14,0,0,0,0,0,0,0,0,0,59,0,0,0,0,5,10,198,0,0,0
2021-07-04,07-04-2021,US,1234,0,0,0,13,21,33,0,0,0,0,0,0,0,0,0,48,0,0,0,0,5,9,243,0,0,0
2021-07-05,07-05-2021,US,1488,0,0,0,17,23,32,0,0,0,0,0,0,0,0,0,46,0,0,0,0,6,10,293,0,0,0
2021-07-06,07-06-2021,US,1423,0,0,0,17,23,24,0,0,0,0,0,0,0,0,0,41,0,0,0,0,6,10,272,0,0,0
2021-07-07,07-07-2021,US,1446,0,0,0,16,22,32,0,0,0,0,0,0,0,0,0,42,0,0,0,0,6,10,260,1,0,0
2021-07-08,07-08-2021,US,1362,0,0,0,15,21,36,0,0,0,0,0,0,0,0,0,49,0,0,0,0,6,10,258,0,0,0
2021-07-09,07-09-2021,US,1224,0,0,0,12,25,34,0,0,0,0,0,0,0,0,0,44,0,0,0,0,6,9,253,0,0,0
2021-07-10,07-10-2021,US,1256,0,0,0,20,23,36,0,0,0,0,0,0,0,0,0,41,0,0,0,0,6,10,266,0,0,0
2021-07-11,07-11-2021,US,1415,0,0,0,18,24,42,0,0,0,0,0,0,0,0,0,43,0,0,0,0,7,8,226,0,0,0
2021-07-12,07-12-2021,US,1205,0,0,0,21,27,33,0,0,0,0,0,0,0,0,0,41,0,0,0,0,6,8,217,0,0,0
2021-07-13,7/13/2021,US,1306,0,0,0,18,25,49,0,0,0,0,0,0,0,0,0,78,0,0,0,0,6,7,239,0,0,0
2021-07-14,7/14/2021,US,1238,0,0,0,14,27,44,0,0,0,0,0,0,0,0,0,63,0,0,0,0,5,7,248,0,0,0
2021-07-15,7/15/2021,US,1140,0,0,0,17,23,39,0,0,0,0,0,0,0,0,0,54,0,0,0,0,5,7,257,1,0,0
2021-07-16,7/16/2021,US,1202,0,0,0,26,23,34,0,0,0,0,0,0,0,0,0,51,0,0,0,0,1,12,230,0,0,0
2021-07-17,7/17/2021,US,1348,0,0,0,20,24,42,0,0,0,0,0,0,0,0,0,56,0,0,0,0,1,12,228,0,0,0
2021-07-18,7/18/2021,US,1508,0,0,0,16,24,50,0,0,0,0,0,0,0,0,0,51,0,0,0,0,1,13,235,0,0,0
2021-07-19,7/19/2021,US,1414,0,0,0,18,27,53,0,0,0,0,0,0,0,0,0,231,0,0,0,0,1,13,226,0,0,0
2021-07-20,7/20/2021,US,1366,0,0,0,18,26,54,0,0,0,0,0,0,0,0,0,2561,0,0,0,0,1,13,233,0,0,0
2021-07-21,7/21/2021,US,1334,0,0,0,10,22,42,0,0,0,0,0,0,0,0,0,369,0,0,0,0,1,12,190,1,0,0
2021-07-22,7/22/2021,US,1276,0,0,0,13,24,45,0,0,0,0,0,0,0,0,0,68,0,0,0,0,1,12,185,0,0,0
2021-07-23,7/23/2021,US,1411,0,0,0,41,22,40,0,0,0,0,0,0,0,0,0,66,0,0,0,0,1,11,184,0,0,0
2021-07-24,7/24/2021,US,1254,0,0,0,18,22,41,0,0,0,0,0,0,0,0,0,63,0,0,0,0,1,12,197,1,1,0
2021-07-25,7/25/2021,US,1476,0,0,0,16,22,41,0,0,0,0,0,0,0,0,0,64,0,0,0,0,2,13,216,0,0,0
2021-07-26,7/26/2021,US,1319,0,0,0,17,22,42,0,0,0,0,0,0,0,0,0,61,0,0,0,0,2,13,224,0,0,0
2021-07-27,7/27/2021,US,1335,0,0,0,18,23,41,0,0,0,0,0,0,0,0,0,97,0,0,0,0,1,13,205,0,0,0
2021-07-28,7/28/2021,US,1315,0,0,0,11,22,44,0,0,0,0,0,0,0,0,0,94,0,0,0,0,1,12,209,0,0,0
2021-07-29,7/29/2021,US,1467,0,0,0,6,31,51,0,0,0,0,0,0,0,0,0,84,0,0,0,0,66,12,194,1,0,0
2021-07-30,7/30/2021,US,1284,0,0,0,20,30,47,0,0,0,0,0,0,0,0,0,80,0,0,0,0,77,12,188,0,0,0
2021-07-31,7/31/2021,US,1479,0,0,0,22,25,47,0,0,0,0,0,0,0,0,0,85,0,0,0,0,86,12,186,0,0,0
2021-08-01,08-01-2021,US,1447,0,0,0,19,30,46,0,0,0,0,0,0,0,0,0,91,0,0,0,0,99,14,195,0,0,0
2021-08-02,08-02-2021,US,1405,0,0,0,22,29,56,0,0,0,0,0,0,0,0,0,77,0,0,0,0,87,12,188,0,0,0
2021-08-03,08-03-2021,US,1499,0,0,0,9,30,85,0,0,0,0,0,0,0,0,0,76,0,0,0,0,83,12,206,0,0,0
2021-08-04,08-04-2021,US,1493,0,0,0,8,24,94,0,0,0,0,0,0,0,0,0,81,0,0,0,0,80,12,197,1,0,0
2021-08-05,08-05-2021,US,1564,0,0,0,41,15,59,0,0,0,0,0,0,0,0,0,82,0,0,0,0,104,11,197,1,0,0
2021-08-06,08-06-2021,US,1332,0,0,0,12,17,48,0,0,0,0,0,0,0,0,0,82,0,0,0,0,104,11,202,0,0,0
2021-08-07,08-07-2021,US,1471,0,0,0,25,15,38,0,0,0,0,0,0,0,0,0,89,0,0,0,0,113,11,237,0,0,0
2021-08-08,08-08-2021,US,1544,0,0,0,26,15,23,0,0,0,0,0,0,0,0,0,90,0,0,0,0,108,11,217,0,0,0
2021-08-09,08-09-2021,US,1358,0,0,0,30,18,9,0,0,0,0,0,0,0,0,0,89,0,0,0,0,111,12,237,0,0,0
2021-08-10,08-10-2021,US,1506,0,0,0,28,21,9,0,0,0,0,0,0,0,0,0,139,0,0,0,0,131,11,262,0,0,0
2021-08-11,08-11-2021,US,1399,0,0,0,24,19,7,0,0,0,0,0,0,0,0,0,124,0,0,0,0,130,11,262,1,0,0
2021-08-12,08-12-2021,US,1451,0,0,0,33,21,5,0,0,0,0,0,0,0,0,0,108,0,0,0,0,102,11,259,0,0,0
2021-08-13,8/13/2021,US,1671,0,0,0,29,21,49,0,0,0,0,0,0,0,0,0,84,0,0,0,0,123,10,276,0,0,0
2021-08-14,8/14/2021,US,1719,0,0,0,20,22,50,0,0,0,0,0,0,0,0,0,74,0,0,0,0,125,10,285,0,0,0
2021-08-15,8/15/2021,US,1953,0,0,0,18,21,45,0,0,0,0,0,0,0,0,0,78,0,0,0,0,121,11,310,0,0,0
2021-08-16,8/16/2021,US,1667,0,0,0,12,20,38,0,0,0,0,0,0,0,0,0,77,0,0,0,0,103,12,283,1,0,0
2021-08-17,8/17/2021,US,2011,0,0,0,38,20,43,25,0,0,0,0,0,0,0,0,121,0,0,0,0,154,12,348,0,0,0
2021-08-18,8/18/2021,US,2027,0,0,0,27,21,47,34,0,0,0,0,0,0,0,0,100,0,0,0,0,161,12,336,1,0,0
2021-08-19,8/19/2021,US,2133,0,0,0,43,19,52,33,0,0,0,0,0,0,0,0,170,0,0,0,0,147,12,274,1,0,0
2021-08-20,8/20/2021,US,1931,0,0,0,45,18,43,28,0,0,0,0,0,0,0,0,123,0,0,0,0,148,11,281,0,0,0
2021-08-21,8/21/2021,US,2222,0,0,0,30,19,49,39,0,0,0,0,0,0,0,0,104,0,0,0,0,143,10,301,0,0,0
2021-08-22,8/22/2021,US,2367,0,0,0,25,22,69,44,0,0,0,0,0,0,0,0,113,0,0,0,0,154,11,292,0,0,0
2021-08-23,8/23/2021,US,1946,0,0,0,20,24,51,42,0,0,0,0,0,0,0,0,93,0,0,0,0,153,11,306,1,0,0
2021-08-24,8/24/2021,US,2035,0,0,0,19,19,49,37,0,0,0,0,0,0,0,0,123,0,0,0,0,177,11,288,0,0,0
2021-08-25,8/25/2021,US,2025,0,0,0,39,21,50,37,0,0,0,0,0,0,0,0,87,0,0,0,0,178,10,287,0,0,0
2021-08-26,8/26/2021,US,1989,0,0,0,23,22,50,31,0,0,0,0,0,0,0,0,93,0,0,0,0,186,10,300,1,0,0
2021-08-27,8/27/2021,US,2225,0,0,0,94,37,48,18,0,0,0,0,0,0,0,0,106,0,0,0,0,182,10,282,0,0,0
2021-08-28,8/28/2021,US,2286,0,0,0,54,40,59,24,0,0,0,0,0,0,0,0,108,0,0,0,0,183,11,272,0,0,0
2021-08-29,8/29/2021,US,2461,0,0,0,51,42,58,31,0,0,0,0,0,0,0,0,96,0,0,0,0,192,11,288,0,0,0
2021-08-30,8/30/2021,US,2045,0,0,0,42,47,64,18,0,0,0,0,0,0,0,0,96,0,0,0,0,234,11,277,0,0,0
2021-08-31,8/31/2021,US,2126,0,0,0,42,39,60,18,0,0,0,0,0,0,0,0,67,0,0,0,0,256,10,268,1,0,0
2021-09-01,09-01-2021,US,2443,0,0,0,39,42,51,12,0,0,0,0,0,0,0,0,110,0,0,0,0,280,13,384,0,0,0
2021-09-02,09-02-2021,US,2274,0,0,0,14,45,57,13,0,0,0,0,0,0,0,0,130,0,0,0,0,269,12,363,1,0,0
2021-09-03,09-03-2021,US,2237,0,0,0,33,41,58,11,0,0,0,0,0,0,0,0,118,0,0,0,0,233,9,330,0,0,0
2021-09-04,09-04-2021,US,2389,0,0,0,57,44,35,11,0,0,0,0,0,0,0,0,101,0,0,0,0,246,9,379,0,0,0
2021-09-05,09-05-2021,US,2577,0,0,0,67,40,41,9,0,0,0,0,0,0,0,0,107,0,0,0,0,241,9,396,0,0,0
2021-09-06,09-06-2021,US,2741,0,0,0,63,46,62,11,0,0,0,0,0,0,0,0,129,0,0,0,0,238,10,474,0,0,0
2021-09-07,09-07-2021,US,2305,0,0,0,29,41,64,6,0,0,0,0,0,0,0,0,119,0,0,0,0,240,12,475,0,0,0
2021-09-08,09-08-2021,US,2644,0,0,0,79,45,68,13,0,0,0,0,0,0,0,0,169,0,0,0,0,237,10,499,1,0,0
2021-09-09,09-09-2021,US,2451,0,0,0,47,46,72,18,0,0,0,0,0,0,0,0,95,0,0,0,0,223,9,475,0,0,0
2021-09-10,09-10-2021,US,2404,0,0,0,49,46,73,12,0,0,0,0,0,0,0,0,212,0,0,0,0,265,10,471,0,0,0
2021-09-11,09-11-2021,US,2955,0,0,0,42,53,98,8,0,0,0,0,0,0,0,0,170,0,0,0,0,263,9,452,0,0,0
2021-09-12,09-12-2021,US,3067,0,0,0,41,62,106,8,0,0,0,0,0,0,0,0,146,0,0,0,0,259,9,460,0,0,0
2021-09-13,9/13/2021,US,2825,0,0,0,20,73,109,34,0,0,0,0,0,0,0,0,170,0,0,0,0,282,9,440,0,0,0
2021-09-14,9/14/2021,US,2594,0,0,0,52,57,117,43,0,0,0,0,0,0,0,0,147,0,0,0,0,300,11,356,0,0,0
2021-09-15,9/15/2021,US,3001,0,0,0,32,56,128,46,0,0,0,0,0,0,0,0,140,0,0,0,0,305,12,437,0,0,0
2021-09-16,9/16/2021,US,2572,0,0,0,21,51,136,33,0,0,0,0,0,0,0,0,146,0,0,0,0,226,11,432,0,0,0
2021-09-17,9/17/2021,US,2523,0,0,0,20,49,103,10,0,0,0,0,0,0,0,0,143,0,0,0,0,252,11,448,1,0,0
2021-09-18,9/18/2021,US,2673,0,0,0,37,48,104,12,0,0,0,0,0,0,0,0,154,0,0,0,0,254,11,447,1,0,0
2021-09-19,9/19/2021,US,2942,0,0,0,38,52,119,12,0,0,0,0,0,0,0,0,149,0,0,0,0,248,10,472,0,0,0
2021-09-20,9/20/2021,US,2878,0,0,0,37,51,114,19,0,0,0,0,0,0,0,0,158,0,0,0,0,283,11,530,0,0,0
2021-09-21,9/21/2021,US,3002,0,0,0,29,51,109,17,0,0,0,0,0,0,0,0,166,0,0,0,0,288,10,537,0,0,0
2021-09-22,9/22/2021,US,2689,0,0,0,23,50,112,11,0,0,0,0,0,0,0,0,188,0,0,0,0,262,8,484,0,0,0
2021-09-23,9/23/2021,US,2539,0,0,0,25,46,119,11,0,0,0,0,0,0,0,0,151,0,0,0,0,247,7,461,0,0,0
2021-09-24,9/24/2021,US,2309,0,0,0,25,43,102,9,0,0,0,0,0,0,0,0,181,0,0,0,0,239,8,446,1,0,0
2021-09-25,9/25/2021,US,2596,0,0,0,22,40,88,7,0,0,0,0,0,0,0,0,174,0,0,0,0,271,8,445,0,0,0
2021-09-26,9/26/2021,US,2642,0,0,0,16,39,88,11,0,0,0,0,0,0,0,0,184,0,0,0,0,259,8,425,0,0,0
2021-09-27,9/27/2021,US,2371,0,0,0,20,41,82,11,0,0,0,0,0,0,0,11,139,0,0,0,0,274,8,423,0,0,0
2021-09-28,9/28/2021,US,2458,0,0,0,16,38,88,11,0,0,0,0,0,0,0,5,285,0,0,0,0,266,9,413,1,0,0
2021-09-29,9/29/2021,US,2679,0,0,0,18,41,93,8,0,0,0,0,0,0,0,2,253,0,0,0,0,264,8,438,1,1,0
2021-09-30,9/30/2021,US,2840,0,0,0,14,41,76,16,0,0,0,0,0,0,0,3,254,0,0,0,0,288,9,508,0,0,0
2021-10-01,10-01-2021,US,2712,0,0,0,14,35,71,15,0,0,0,0,0,0,0,3,263,0,0,0,0,339,10,549,0,0,0
2021-10-02,10-02-2021,US,2921,0,0,0,29,36,75,0,0,0,0,0,0,0,0,3,314,0,0,0,0,349,10,559,0,0,0
2021-10-03,10-03-2021,US,3252,0,0,0,52,37,86,9,0,0,0,0,0,0,0,3,306,0,0,0,0,369,11,581,0,0,0
2021-10-04,10-04-2021,US,2752,0,0,0,49,38,78,5,0,0,0,0,0,0,0,3,266,0,0,0,0,329,9,545,0,0,0
2021-10-05,10-05-2021,US,2619,0,0,0,38,34,75,6,0,0,0,0,0,0,0,2,306,0,0,0,0,346,9,589,0,0,0
2021-10-06,10-06-2021,US,2629,0,0,0,39,36,78,8,0,0,0,0,0,0,0,2,276,0,0,0,0,347,10,573,0,0,0
2021-10-07,10-07-2021,US,2723,0,0,0,21,35,64,8,0,0,0,0,0,0,0,3,306,0,0,0,0,384,9,647,0,0,0
2021-10-08,10-08-2021,US,2872,0,0,0,31,35,57,5,0,0,0,0,0,0,0,5,324,0,0,0,0,390,10,693,1,0,0
2021-10-09,10-09-2021,US,3333,0,0,0,33,39,88,17,0,0,0,0,0,0,0,4,292,0,0,0,0,409,10,707,0,0,0
2021-10-10,10-10-2021,US,3466,0,0,0,36,40,91,17,0,0,0,0,0,0,0,4,283,0,0,0,0,401,11,680,0,0,0
2021-10-11,10-11-2021,US,3057,0,0,0,34,36,90,21,0,0,0,0,0,0,0,4,282,0,0,0,0,400,11,720,0,0,0
2021-10-12,10-12-2021,US,3103,0,0,0,17,33,81,34,0,0,0,0,0,0,0,4,374,0,0,0,0,415,11,775,0,0,0
2021-10-13,10/13/2021,US,3143,0,0,0,19,32,126,33,0,0,0,0,0,0,0,6,323,0,0,0,0,422,12,752,0,0,0
2021-10-14,10/14/2021,US,3279,0,0,0,54,33,125,32,0,0,0,0,0,0,0,2,312,0,0,0,0,494,12,812,1,0,0
2021-10-15,10/15/2021,US,3100,0,0,0,32,34,130,38,0,0,0,0,0,0,0,3,319,0,0,0,0,476,11,791,0,0,0
2021-10-16,10/16/2021,US,3507,0,0,0,27,31,118,36,0,0,0,0,0,0,0,4,308,0,0,0,0,496,13,807,0,0,0
2021-10-17,10/17/2021,US,3727,0,0,0,77,36,122,42,0,0,0,0,0,0,0,3,319,0,0,0,0,479,14,785,0,0,0
2021-10-18,10/18/2021,US,3180,0,0,0,49,36,120,41,0,0,0,0,0,0,0,3,306,0,0,0,0,440,14,785,0,0,0
2021-10-19,10/19/2021,US,3118,0,0,0,44,34,116,43,0,0,0,0,0,0,0,3,296,0,0,0,0,434,10,790,0,0,0
2021-10-20,10/20/2021,US,3079,0,0,0,46,37,105,39,0,0,0,0,0,0,0,3,306,0,0,0,0,397,10,752,0,0,0
2021-10-21,10/21/2021,US,3096,0,0,0,39,32,107,43,0,0,0,0,0,0,0,3,299,0,0,0,0,412,11,733,0,0,0
2021-10-22,10/22/2021,US,3036,0,0,0,20,35,104,38,0,0,0,0,0,0,0,3,314,0,0,0,0,421,10,754,1,0,0
2021-10-23,10/23/2021,US,3269,0,0,0,40,34,98,32,0,0,0,0,0,0,0,4,304,0,0,0,0,460,11,852,1,0,0
2021-10-24,10/24/2021,US,3561,0,0,0,37,36,100,36,0,0,0,0,0,0,0,3,328,0,0,0,0,449,11,835,0,0,0
2021-10-25,10/25/2021,US,2920,0,0,0,41,27,103,38,0,0,0,0,0,0,0,3,310,0,0,0,0,493,13,901,0,0,0
2021-10-26,10/26/2021,US,2798,0,0,0,35,14,105,35,0,0,0,0,0,0,0,3,289,0,0,0,0,452,11,849,0,0,0
2021-10-27,10/27/2021,US,2940,0,0,0,26,16,106,30,0,0,0,0,0,0,0,3,278,0,0,0,0,423,3,750,0,0,0
2021-10-28,10/28/2021,US,2931,0,0,0,14,17,132,41,0,0,0,0,0,0,0,3,268,0,0,0,0,427,3,863,0,0,0
2021-10-29,10/29/2021,US,2567,0,0,0,29,13,110,32,0,0,0,0,0,0,0,5,282,27,0,0,0,445,3,905,1,0,0
2021-10-30,10/30/2021,US,3099,0,0,0,22,12,28,35,0,0,0,0,0,0,0,3,271,44,0,0,0,485,3,998,0,0,0
2021-10-31,10/31/2021,US,3298,0,0,0,80,15,108,25,0,0,0,0,0,0,0,2,289,49,0,0,0,504,4,1035,0,0,0
2021-11-01,11-01-2021,US,3418,0,0,0,40,15,119,35,0,0,0,0,0,0,0,2,316,56,0,0,0,502,4,1092,0,0,0
2021-11-02,11-02-2021,US,3412,0,0,0,69,15,118,34,0,0,0,0,0,0,0,4,307,77,0,0,0,479,3,1058,0,0,0
2021-11-03,11-03-2021,US,3475,0,0,0,45,14,109,29,0,0,0,0,0,0,0,6,306,90,0,0,0,468,3,1091,0,0,0
2021-11-04,11-04-2021,US,3497,0,0,0,47,13,105,30,0,0,0,0,0,0,0,3,296,179,0,0,0,465,3,956,1,0,0
2021-11-05,11-05-2021,US,3302,0,0,0,33,13,108,34,0,0,0,0,0,0,0,5,283,223,0,0,0,436,3,885,0,0,0
2021-11-06,11-06-2021,US,3477,0,0,0,69,9,99,36,0,0,0,0,0,0,0,17,263,510,0,0,0,468,3,952,0,0,0
2021-11-07,11-07-2021,US,3935,0,0,0,67,10,92,24,0,0,0,0,0,0,0,4,271,1410,0,0,0,498,3,1067,0,0,0
2021-11-08,11-08-2021,US,3499,0,0,0,41,10,101,27,0,0,0,0,0,0,0,5,282,2853,0,0,0,433,3,1100,0,0,0
2021-11-09,11-09-2021,US,3605,0,0,0,72,10,108,26,0,0,0,0,0,0,0,5,308,2786,0,0,0,451,3,1079,0,0,0
2021-11-10,11-10-2021,US,4049,0,0,0,49,9,121,147,0,0,0,66,0,0,0,6,301,2744,0,0,0,463,2,1030,0,0,0
2021-11-11,11-11-2021,US,3860,0,0,0,26,9,132,94,0,0,0,53,0,0,0,6,309,3420,0,0,0,483,2,1090,1,0,0
2021-11-12,11-12-2021,US,4043,0,0,0,48,9,127,52,0,0,0,187,0,0,0,6,293,3433,0,0,0,461,2,1027,0,0,0
2021-11-13,11/13/2021,US,3739,0,0,0,53,7,112,58,0,0,0,240,0,0,0,7,287,3452,0,0,0,459,3,937,0,0,0
2021-11-14,11/14/2021,US,3853,0,0,0,43,8,113,78,0,0,0,0,0,0,0,7,285,3996,0,0,0,458,3,930,0,0,0
2021-11-15,11/15/2021,US,3485,0,0,0,29,8,149,49,0,0,0,0,0,0,0,5,399,4220,0,0,0,523,3,895,0,0,0
2021-11-16,11/16/2021,US,3771,0,0,0,69,7,159,39,0,0,0,25,0,0,0,5,407,3576,0,0,0,486,3,813,0,0,0
2021-11-17,11/17/2021,US,3506,0,0,0,49,7,142,0,0,0,0,40,0,0,0,4,342,5136,0,0,0,478,3,829,0,0,0
2021-11-18,11/18/2021,US,3592,0,0,0,62,6,141,30,0,0,0,39,0,0,0,3,355,5000,0,0,0,487,2,832,1,0,0
2021-11-19,11/19/2021,US,3404,0,0,0,21,6,138,34,0,0,0,37,0,0,0,3,372,4962,0,0,0,470,2,784,1,0,0
2021-11-20,11/20/2021,US,3854,0,0,0,23,7,130,31,0,0,0,25,0,0,0,4,372,5355,0,0,0,488,3,761,0,0,0
2021-11-21,11/21/2021,US,4358,0,0,0,70,7,137,35,0,0,0,28,0,0,0,3,448,4866,0,0,0,474,3,738,0,0,0
2021-11-22,11/22/2021,US,3753,0,0,0,42,25,137,26,0,0,0,30,0,0,0,3,532,4738,0,0,0,501,3,781,0,0,0
2021-11-23,11/23/2021,US,3393,0,0,0,47,26,133,25,0,0,0,36,0,0,0,3,440,4437,0,0,0,451,2,725,0,0,0
2021-11-24,11/24/2021,US,3571,0,0,0,45,26,139,19,0,0,0,27,0,0,0,4,784,4988,0,0,0,451,2,759,0,0,0
2021-11-25,11/25/2021,US,3486,0,0,0,27,24,132,32,0,0,0,35,0,0,0,4,2322,4423,0,0,0,489,2,807,1,1,0
2021-11-26,11/26/2021,US,3595,0,0,0,26,18,127,54,0,0,0,29,0,0,0,5,660,4243,0,0,0,506,2,999,0,0,0
2021-11-27,11/27/2021,US,3748,0,0,0,45,24,140,64,0,0,0,36,0,0,0,4,318,4441,0,0,0,580,2,1080,0,0,0
2021-11-28,11/28/2021,US,4192,0,0,0,51,21,129,62,0,0,0,26,0,0,0,5,314,4711,0,0,0,512,2,997,0,0,0
2021-11-29,11/29/2021,US,3175,0,0,0,30,23,151,64,0,0,0,37,0,0,0,3,311,4843,0,0,0,435,2,933,0,0,0
2021-11-30,11/30/2021,US,3356,0,0,0,47,22,157,0,0,0,0,32,0,0,0,3,335,4709,0,0,0,445,2,880,1,0,0
2021-12-01,12-01-2021,US,3169,0,0,0,41,23,160,62,0,0,0,25,0,0,0,9,245,5677,0,0,0,501,3,906,0,0,0
2021-12-02,12-02-2021,US,3042,0,0,0,38,19,133,121,0,0,0,32,0,0,0,3,350,5557,0,0,0,481,3,888,1,0,0
2021-12-03,12-03-2021,US,3112,0,0,0,37,16,138,103,0,0,0,21,0,0,0,3,292,5704,0,0,0,523,2,940,0,0,0
2021-12-04,12-04-2021,US,3805,0,0,0,51,10,141,107,0,0,0,19,0,0,0,2,232,5832,0,0,0,560,3,959,0,0,0
2021-12-05,12-05-2021,US,4341,0,0,0,39,15,147,132,0,0,0,21,0,0,0,3,235,5484,0,0,0,537,3,890,0,0,0
2021-12-06,12-06-2021,US,3590,0,0,0,44,31,151,103,0,0,0,20,0,0,0,3,222,5709,0,0,0,299,3,701,0,0,0
2021-12-07,12-07-2021,US,3396,0,0,0,19,25,148,101,0,0,0,15,0,0,0,4,223,5041,0,0,0,285,2,663,0,0,0
2021-12-08,12-08-2021,US,3470,0,0,0,41,27,160,105,0,0,0,13,0,0,0,4,225,6353,0,0,0,311,2,638,0,0,0
2021-12-09,12-09-2021,US,3183,0,0,0,27,36,143,79,0,0,0,17,0,0,0,3,226,6555,0,0,0,317,2,673,1,0,0
2021-12-10,12-10-2021,US,3442,0,0,0,65,34,132,63,0,0,0,15,0,0,0,3,259,5426,0,0,0,324,2,675,0,0,0
2021-12-11,12-11-2021,US,3627,0,0,0,52,37,119,77,0,0,0,16,0,0,0,3,255,5483,0,0,0,328,2,704,0,0,0
2021-12-12,12-12-2021,US,4070,0,0,0,53,40,81,69,0,0,0,15,0,0,0,2,256,5997,0,0,0,319,2,725,0,0,0
2021-12-13,12/13/2021,US,3612,0,0,0,65,59,81,74,0,0,0,15,0,0,0,2,266,5789,0,0,0,278,2,609,0,0,0
2021-12-14,12/14/2021,US,3439,0,0,0,63,53,86,80,0,0,0,22,0,0,0,2,274,5884,0,0,0,300,2,638,0,0,0
2021-12-15,12/15/2021,US,3351,0,0,0,67,59,81,58,0,0,0,18,0,0,0,2,289,6594,0,0,0,292,2,563,1,0,0
2021-12-16,12/16/2021,US,2990,0,0,0,41,71,55,33,0,0,0,17,0,0,0,2,290,6040,0,0,0,239,2,354,1,0,0
2021-12-17,12/17/2021,US,3018,0,0,0,32,73,43,63,0,0,0,18,0,0,0,2,280,4851,0,0,0,243,2,365,1,0,0
2021-12-18,12/18/2021,US,3647,0,0,0,131,75,43,53,0,0,29,16,0,0,0,3,284,289,0,0,0,247,2,354,0,0,0
2021-12-19,12/19/2021,US,3751,0,0,0,85,76,48,55,0,0,31,10,0,0,0,3,279,5818,0,0,0,238,2,349,0,0,0
2021-12-20,12/20/2021,US,3779,0,0,0,46,76,50,54,0,0,36,10,0,0,0,3,280,5757,0,0,0,258,2,363,1,0,0
2021-12-21,12/21/2021,US,3676,0,0,0,48,76,55,65,799,0,27,10,0,0,0,2,288,5765,0,0,0,253,2,367,1,0,0
2021-12-22,12/22/2021,US,3268,0,0,0,96,83,50,50,73,0,13,8,0,0,0,3,276,6173,0,0,0,278,2,368,1,0,0
2021-12-23,12/23/2021,US,3288,0,0,0,69,81,40,47,20,0,11,6,0,0,0,3,269,6250,0,0,0,285,2,409,0,0,0
2021-12-24,12/24/2021,US,3013,0,0,0,93,79,39,52,52,0,13,6,0,0,0,3,288,6572,0,0,0,300,2,402,1,1,0
2021-12-25,12/25/2021,US,3278,0,0,0,81,74,35,43,70,0,20,5,0,0,0,4,309,5785,0,0,0,361,3,516,0,0,1
2021-12-26,12/26/2021,US,4119,0,0,0,86,70,33,72,67,0,20,5,0,0,0,11,301,6428,0,0,0,338,3,481,0,0,1
2021-12-27,12/27/2021,US,3873,0,0,0,101,74,41,51,87,0,18,7,0,0,0,6,295,7108,0,0,0,328,3,487,1,0,1
2021-12-28,12/28/2021,US,3884,0,0,0,86,69,41,48,103,0,18,6,0,0,0,4,314,8137,0,0,0,309,3,401,1,0,1
2021-12-29,12/29/2021,US,3938,0,0,0,63,71,36,62,111,0,17,7,0,0,0,5,339,8190,0,0,0,398,3,497,1,0,1
2021-12-30,12/30/2021,US,3348,0,0,0,41,73,29,45,127,0,18,4,0,0,0,5,486,8483,0,0,0,422,2,432,1,0,1
2021-12-31,12/31/2021,US,3376,0,0,0,53,71,30,39,124,0,22,5,0,0,0,5,574,10741,0,0,0,491,3,529,0,0,1
2022-01-01,01-01-2022,US,4320,0,0,0,75,79,31,41,118,0,26,6,0,0,0,5,533,10028,0,0,0,627,4,573,0,0,1
2022-01-02,01-02-2022,US,4740,0,0,0,90,78,26,55,142,0,19,5,0,0,0,6,528,10322,0,0,0,422,5,556,0,0,1
2022-01-03,01-03-2022,US,4051,0,0,0,79,82,24,60,95,0,14,6,0,0,0,4,496,10226,0,0,0,488,3,574,0,0,1
2022-01-04,01-04-2022,US,4045,0,0,0,91,84,26,60,113,0,13,5,0,0,0,4,492,10701,0,0,0,495,4,627,1,0,1
2022-01-05,01-05-2022,US,4223,0,0,0,71,78,33,53,127,0,25,7,17,0,0,4,538,10954,0,0,0,532,3,611,0,0,1
2022-01-06,01-06-2022,US,4220,0,0,0,92,86,30,49,124,0,19,4,15,0,0,5,532,10701,0,0,0,537,3,570,1,1,1
2022-01-07,01-07-2022,US,4529,0,0,0,107,112,34,50,135,0,31,2,20,0,0,5,456,9972,0,0,0,594,3,594,0,0,1
2022-01-08,01-08-2022,US,5109,0,0,0,122,105,34,58,122,0,28,3,13,0,0,6,611,10722,0,0,0,613,4,645,0,0,1
2022-01-09,01-09-2022,US,5374,0,0,0,98,107,34,80,114,0,25,3,16,0,0,5,617,9898,0,0,0,649,4,568,0,0,1
2022-01-10,01-10-2022,US,4781,0,0,0,136,100,39,69,95,0,47,2,20,0,0,5,459,10222,0,0,0,638,3,613,0,0,1
2022-01-11,01-11-2022,US,4714,77,0,0,95,105,39,48,117,0,34,1,26,0,0,5,470,11611,0,0,0,497,3,508,0,0,1
2022-01-12,01-12-2022,US,4665,102,0,0,91,112,37,41,119,0,30,1,27,6,0,5,347,10906,0,0,0,538,3,484,1,0,1
2022-01-13,1/13/2022,US,5032,100,0,0,56,101,38,33,159,0,45,1,38,0,0,5,344,10731,0,0,0,530,3,451,1,0,1
2022-01-14,1/14/2022,US,4613,84,0,0,86,101,32,27,129,0,36,1,71,4,0,7,469,12028,0,0,0,565,3,477,1,0,1
2022-01-15,1/15/2022,US,5987,91,0,0,128,103,47,65,147,0,64,3,65,0,0,7,600,11768,0,0,0,615,3,514,0,0,1
2022-01-16,1/16/2022,US,6398,85,0,0,134,102,31,63,131,0,53,5,75,5,0,6,883,13242,0,0,0,556,3,513,0,0,1
2022-01-17,1/17/2022,US,5922,87,0,0,93,101,33,67,118,0,89,4,103,13,0,6,760,14969,0,0,0,538,3,537,1,0,1
2022-01-18,1/18/2022,US,6544,71,425,0,190,83,43,67,140,0,83,1,94,7,0,5,729,13887,0,0,0,561,3,571,1,0,1
2022-01-19,1/19/2022,US,6123,73,484,0,112,87,50,69,167,0,55,1,112,48,0,5,1511,13333,0,0,0,574,3,512,0,0,1
2022-01-20,1/20/2022,US,5486,3,415,0,127,93,57,42,150,0,69,0,97,31,0,5,1665,13449,0,0,0,521,3,540,0,0,1
2022-01-21,1/21/2022,US,5347,0,364,0,107,84,73,69,143,0,58,0,123,6,0,4,575,14199,996,0,0,583,3,622,1,0,1
2022-01-22,1/22/2022,US,5947,0,296,0,193,80,79,83,159,0,54,0,78,5,0,5,577,14146,1325,0,0,592,3,628,1,0,1
2022-01-23,1/23/2022,US,6363,0,111,0,244,89,87,118,163,0,43,0,73,9,0,6,591,13132,1452,0,0,593,3,644,0,0,1
2022-01-24,1/24/2022,US,5933,0,396,0,120,106,85,115,122,0,55,0,118,1,0,6,601,14737,2922,0,0,684,3,685,0,0,1
2022-01-25,1/25/2022,US,6238,0,375,0,127,127,116,128,137,0,87,0,134,13,0,9,470,15983,6503,0,0,735,3,683,0,0,1
2022-01-26,1/26/2022,US,6559,0,367,0,72,151,123,118,144,0,86,0,141,62,0,10,450,14952,8196,0,0,802,2,833,0,0,1
2022-01-27,1/27/2022,US,6224,0,303,0,50,152,145,114,194,0,108,0,166,4,0,9,431,16682,9198,0,0,778,2,888,1,0,1
2022-01-28,1/28/2022,US,6323,0,323,0,36,142,120,104,200,0,57,0,229,3,0,8,458,18170,4598,0,0,811,3,938,0,0,1
2022-01-29,1/29/2022,US,7003,0,363,0,60,157,162,112,174,0,63,0,136,8,0,13,457,17587,6721,0,0,847,3,977,0,0,1
2022-01-30,1/30/2022,US,7466,0,379,0,134,161,177,117,184,0,69,0,150,12,0,11,427,15456,7117,0,0,894,3,990,0,0,1
2022-01-31,1/31/2022,US,6119,0,362,0,134,144,173,102,178,0,66,0,158,14,0,7,427,16693,8037,0,0,847,2,997,0,0,1
2022-02-01,02-01-2022,US,5957,0,377,0,202,131,127,66,201,0,55,0,197,3,0,7,441,17984,7493,0,0,921,3,1107,0,0,1
2022-02-02,02-02-2022,US,6081,0,348,0,170,142,111,60,244,0,45,0,161,2,0,8,468,17697,9673,0,0,849,2,1079,0,0,1
2022-02-03,02-03-2022,US,6312,0,379,0,123,143,108,62,245,0,70,0,127,0,0,8,586,20437,9046,0,0,836,2,999,0,0,1
2022-02-04,02-04-2022,US,6414,0,345,0,129,130,95,79,253,0,67,0,160,5,0,10,556,18168,8645,0,0,769,2,1049,0,0,1
2022-02-05,02-05-2022,US,6841,0,352,0,181,130,95,80,242,0,18,0,102,20,0,12,525,17131,8217,0,0,775,2,913,0,0,1
2022-02-06,02-06-2022,US,6711,0,409,0,144,129,96,52,198,0,21,0,100,6,0,12,535,18403,8198,0,0,746,2,1004,0,0,1
2022-02-07,02-07-2022,US,5803,30,372,0,96,127,103,42,177,0,40,0,80,0,0,10,551,18018,8344,0,0,862,2,978,0,0,1
2022-02-08,02-08-2022,US,6061,37,333,0,135,130,125,39,189,0,75,0,84,1,0,8,570,17935,15220,0,0,820,2,957,0,0,1
2022-02-09,02-09-2022,US,5842,42,316,0,116,144,139,35,186,0,88,0,87,1,0,8,818,17735,16112,0,0,776,2,911,0,0,1
2022-02-10,02-10-2022,US,5912,38,343,0,87,124,121,30,220,0,70,0,99,6,0,7,869,16960,17550,0,0,737,2,1028,1,0,1
2022-02-11,02-11-2022,US,5887,38,13,0,42,111,116,38,204,0,146,0,153,7,0,6,758,16450,17559,0,0,619,2,1041,0,0,1
2022-02-12,02-12-2022,US,7316,35,0,0,52,102,109,88,207,0,192,0,217,8,0,7,785,17014,17600,0,0,636,2,1118,0,0,1
2022-02-13,2/13/2022,US,7507,36,0,0,85,114,96,104,201,0,210,0,274,30,0,8,755,17748,17115,0,0,781,2,1295,0,0,1
2022-02-14,2/14/2022,US,6938,48,0,0,86,143,92,92,154,0,244,0,345,44,0,6,713,15355,18759,0,0,862,2,1497,0,0,1
2022-02-15,2/15/2022,US,6832,54,0,0,73,160,89,93,181,0,255,0,337,16,0,6,732,15898,26545,0,0,784,2,1314,0,0,1
2022-02-16,2/16/2022,US,6871,55,0,0,187,148,94,70,200,0,200,0,236,3,0,6,746,17928,27771,0,0,713,2,1130,0,0,1
2022-02-17,2/17/2022,US,6815,56,0,0,112,152,106,48,246,0,156,0,258,7,0,5,779,18859,29211,0,0,668,2,1086,1,0,1
2022-02-18,2/18/2022,US,6828,60,0,0,238,150,117,34,243,0,156,0,263,5,0,5,690,19028,29526,0,0,624,2,972,1,0,1
2022-02-19,2/19/2022,US,7743,58,0,0,182,166,138,51,224,0,240,0,239,0,0,7,791,18551,29514,0,0,723,2,1166,1,0,1
2022-02-20,2/20/2022,US,8298,66,0,0,131,178,140,69,210,0,246,0,295,0,0,7,720,19044,30256,0,0,657,2,1202,0,0,1
2022-02-21,2/21/2022,US,7390,66,0,0,227,167,180,40,196,0,141,0,229,6,0,7,597,18460,33831,0,0,673,2,1129,0,0,1
2022-02-22,2/22/2022,US,6798,64,0,0,192,151,158,45,203,0,118,0,176,202,0,5,581,19455,34539,0,0,583,2,1191,0,0,1
2022-02-23,2/23/2022,US,6748,65,0,0,182,143,135,37,227,0,140,0,217,66,0,5,683,20928,34524,0,0,538,2,1148,0,0,1
2022-02-24,2/24/2022,US,6814,63,0,0,172,104,125,53,227,0,156,0,183,23,0,7,753,17055,20238,0,0,542,2,1256,0,0,1
2022-02-25,2/25/2022,US,6684,53,0,0,207,106,126,35,239,0,156,0,186,58,0,7,652,17787,35881,0,0,606,2,1343,1,0,1
2022-02-26,2/26/2022,US,7917,56,0,0,202,113,159,47,236,0,176,0,224,49,0,8,680,18175,28692,0,0,546,2,1303,1,0,1
2022-02-27,2/27/2022,US,8468,60,0,0,180,181,197,99,230,0,182,0,228,45,0,8,660,17726,23416,0,0,560,2,1234,1,0,1
2022-02-28,2/28/2022,US,6460,45,0,0,182,162,170,39,152,0,173,0,156,54,0,6,742,18306,27827,0,2007,511,2,1242,0,0,1
2022-03-01,03-01-2022,US,6021,42,0,0,191,130,168,26,148,0,217,0,138,56,0,5,715,20987,35693,0,767,620,2,1428,0,0,1
2022-03-02,03-02-2022,US,5914,49,0,0,165,122,157,25,193,0,168,0,127,51,0,5,694,20887,34559,0,3135,546,2,1281,0,0,1
2022-03-03,03-03-2022,US,5541,48,0,0,108,87,169,23,216,0,106,0,106,0,0,7,642,20766,31700,0,1854,510,2,1247,0,0,1
2022-03-04,03-04-2022,US,6484,2,148,0,70,60,155,69,181,0,249,0,110,0,0,7,663,20039,27690,0,2548,581,2,1190,1,0,1
2022-03-05,03-05-2022,US,6843,0,258,0,131,58,122,94,208,0,202,0,181,32,0,9,722,18913,23224,0,1976,595,2,1149,1,0,1
2022-03-06,03-06-2022,US,7286,0,279,0,221,61,92,92,207,0,213,0,233,34,0,8,771,20244,24687,0,2245,603,3,1216,1,0,1
2022-03-07,03-07-2022,US,5951,0,305,0,74,53,66,71,114,164,229,0,184,28,0,8,777,19658,36363,0,2127,628,2,1271,0,0,1
2022-03-08,03-08-2022,US,5467,0,13,0,57,52,52,28,66,126,135,0,170,17,0,7,851,19936,32442,0,6408,620,2,1197,0,0,1
2022-03-09,03-09-2022,US,5295,0,0,0,76,38,49,22,85,121,124,0,158,23,0,7,844,19877,31182,1559,1989,532,2,1124,0,0,1
2022-03-10,03-10-2022,US,4639,0,0,0,72,20,50,4,95,157,112,0,125,34,0,6,750,19238,29572,163,2259,412,2,885,0,0,1
2022-03-11,03-11-2022,US,4343,0,0,0,85,1,43,0,79,155,130,0,113,98,0,6,759,19137,34510,149,3497,426,2,949,1,0,1
2022-03-12,03-12-2022,US,4956,0,0,0,96,2,69,0,81,153,140,0,87,67,0,6,766,19783,30687,491,3413,394,2,905,1,0,1
2022-03-13,3/13/2022,US,4962,0,0,0,136,2,68,0,91,157,138,0,103,54,0,5,739,18611,27895,3075,4233,379,2,916,1,0,1
2022-03-14,3/14/2022,US,4293,0,0,0,84,1,52,0,62,97,146,0,97,45,0,4,735,17618,26124,212,4838,353,2,891,0,0,1
2022-03-15,3/15/2022,US,4110,0,0,0,160,1,52,0,75,24,132,0,106,45,0,6,790,21175,18237,210,5154,285,2,754,0,0,1
2022-03-16,3/16/2022,US,4026,0,0,0,154,1,53,0,82,18,153,0,85,80,0,6,819,20118,13808,331,4637,252,2,723,1,0,1
2022-03-17,3/17/2022,US,3754,0,0,0,90,1,61,0,104,20,95,0,91,135,0,6,775,20336,23136,1358,6101,152,2,539,0,0,1
2022-03-18,3/18/2022,US,4098,0,0,0,121,0,67,0,118,15,102,0,77,111,0,6,865,21949,24143,199,3530,168,2,527,0,0,1
2022-03-19,3/19/2022,US,4512,0,0,0,171,0,44,0,107,27,104,0,102,87,0,9,763,20442,18053,0,5631,173,2,532,1,0,1
2022-03-20,3/20/2022,US,4717,0,0,0,147,0,89,0,117,29,98,0,96,63,0,7,728,20584,16560,149,4014,182,2,580,1,0,1
2022-03-21,3/21/2022,US,3872,0,0,0,77,1,86,0,79,28,103,0,95,61,0,7,708,21486,18407,770,5584,129,2,360,0,0,1
2022-03-22,3/22/2022,US,3876,0,0,0,78,1,68,0,108,61,85,0,79,96,0,6,732,24125,16759,0,4869,130,2,357,0,0,1
2022-03-23,3/23/2022,US,3747,0,0,0,61,1,57,0,148,52,75,0,82,49,0,6,723,22565,9073,0,4716,130,2,343,1,0,1
2022-03-24,3/24/2022,US,4062,0,0,0,51,2,53,0,145,105,80,0,82,53,0,6,748,22501,9278,1302,4092,115,2,324,1,0,1
2022-03-25,3/25/2022,US,3808,0,0,0,48,3,60,0,69,147,80,0,77,76,0,6,761,19234,9525,168,2515,108,2,339,1,0,1
2022-03-26,3/26/2022,US,4860,0,0,0,79,2,75,0,0,0,71,0,80,119,0,8,778,18360,11420,0,2608,115,2,412,1,0,1
2022-03-27,3/27/2022,US,4903,0,0,0,132,4,68,0,83,159,83,0,87,138,0,7,796,20659,8915,0,2640,112,2,390,1,0,1
2022-03-28,3/28/2022,US,4153,0,0,0,75,3,63,0,64,118,88,0,64,193,0,6,812,19396,12027,0,1588,124,2,435,0,0,1
2022-03-29,3/29/2022,US,3864,0,0,0,66,4,63,0,32,129,56,0,64,140,0,6,878,20626,8566,1616,807,123,2,378,0,0,1
2022-03-30,3/30/2022,US,3667,0,0,0,70,4,60,0,1,130,56,0,60,111,0,6,884,21178,12485,0,530,164,2,400,1,0,1
2022-03-31,3/31/2022,US,3478,0,0,0,69,4,53,0,0,119,66,0,56,130,0,5,888,21857,5745,0,1214,155,3,358,0,0,1
